<feed xmlns="http://www.w3.org/2005/Atom" xmlns:d="http://schemas.microsoft.com/ado/2007/08/dataservices" xmlns:m="http://schemas.microsoft.com/ado/2007/08/dataservices/metadata" xmlns:georss="http://www.georss.org/georss" xmlns:gml="http://www.opengis.net/gml" xml:base="http://datamall2.mytransport.sg/ltaodataservice">
    <id>http://schemas.datacontract.org/2004/07/</id>
    <title />
    <updated>2016-3-1T3:4:16Z</updated>
    <link rel="self" href="http://datamall2.mytransport.sg/ltaodataservice/IncidentSet" />
    <entry>
        <id>http://datamall2.mytransport.sg/ltaodataservice/IncidentSet()</id>
        <category term="DataMall2.Models.IncidentSet" scheme="http://schemas.microsoft.com/ado/2007/08/dataservices/scheme" />
        <link rel="edit" href="http://datamall2.mytransport.sg/ltaodataservice/IncidentSet()" />
        <link rel="self" href="http://datamall2.mytransport.sg/ltaodataservice/IncidentSet()" />
        <title />
        <updated>2016-3-1T3:4:16Z</updated>
        <author>
            <name />
        </author>
        <content type="application/xml">
            <m:properties>
                <d:Type>Vehicle breakdown</d:Type>
                <d:Latitude>1.40257111658695</d:Latitude>
                <d:Longitude>103.77347487742</d:Longitude>
                <d:Message>(1/4)10:59 Vehicle breakdown on BKE (towards PIE) after Mandai Rd Exit.</d:Message>
            </m:properties>
        </content>
    </entry>
    <entry>
        <id>http://datamall2.mytransport.sg/ltaodataservice/IncidentSet()</id>
        <category term="DataMall2.Models.IncidentSet" scheme="http://schemas.microsoft.com/ado/2007/08/dataservices/scheme" />
        <link rel="edit" href="http://datamall2.mytransport.sg/ltaodataservice/IncidentSet()" />
        <link rel="self" href="http://datamall2.mytransport.sg/ltaodataservice/IncidentSet()" />
        <title />
        <updated>2016-3-1T3:4:16Z</updated>
        <author>
            <name />
        </author>
        <content type="application/xml">
            <m:properties>
                <d:Type>Vehicle breakdown</d:Type>
                <d:Latitude>1.32824863322377</d:Latitude>
                <d:Longitude>103.884879874621</d:Longitude>
                <d:Message>(1/4)10:55 Vehicle breakdown on KPE (towards ECP) after Airport Rd Entrance.</d:Message>
            </m:properties>
        </content>
    </entry>
    <entry>
        <id>http://datamall2.mytransport.sg/ltaodataservice/IncidentSet()</id>
        <category term="DataMall2.Models.IncidentSet" scheme="http://schemas.microsoft.com/ado/2007/08/dataservices/scheme" />
        <link rel="edit" href="http://datamall2.mytransport.sg/ltaodataservice/IncidentSet()" />
        <link rel="self" href="http://datamall2.mytransport.sg/ltaodataservice/IncidentSet()" />
        <title />
        <updated>2016-3-1T3:4:16Z</updated>
        <author>
            <name />
        </author>
        <content type="application/xml">
            <m:properties>
                <d:Type>Vehicle breakdown</d:Type>
                <d:Latitude>1.35963062169359</d:Latitude>
                <d:Longitude>103.961578534543</d:Longitude>
                <d:Message>(1/4)10:54 Vehicle breakdown on TPE (towards PIE) after Loyang Ave Exit.</d:Message>
            </m:properties>
        </content>
    </entry>
    <entry>
        <id>http://datamall2.mytransport.sg/ltaodataservice/IncidentSet()</id>
        <category term="DataMall2.Models.IncidentSet" scheme="http://schemas.microsoft.com/ado/2007/08/dataservices/scheme" />
        <link rel="edit" href="http://datamall2.mytransport.sg/ltaodataservice/IncidentSet()" />
        <link rel="self" href="http://datamall2.mytransport.sg/ltaodataservice/IncidentSet()" />
        <title />
        <updated>2016-3-1T3:4:16Z</updated>
        <author>
            <name />
        </author>
        <content type="application/xml">
            <m:properties>
                <d:Type>Roadwork</d:Type>
                <d:Latitude>1.32690303555627</d:Latitude>
                <d:Longitude>103.66634759975</d:Longitude>
                <d:Message>(1/4)10:51 Roadworks on PIE (towards Tuas) before AYE Exit. Avoid lane 4.</d:Message>
            </m:properties>
        </content>
    </entry>
    <entry>
        <id>http://datamall2.mytransport.sg/ltaodataservice/IncidentSet()</id>
        <category term="DataMall2.Models.IncidentSet" scheme="http://schemas.microsoft.com/ado/2007/08/dataservices/scheme" />
        <link rel="edit" href="http://datamall2.mytransport.sg/ltaodataservice/IncidentSet()" />
        <link rel="self" href="http://datamall2.mytransport.sg/ltaodataservice/IncidentSet()" />
        <title />
        <updated>2016-3-1T3:4:16Z</updated>
        <author>
            <name />
        </author>
        <content type="application/xml">
            <m:properties>
                <d:Type>Roadwork</d:Type>
                <d:Latitude>1.34384217102215</d:Latitude>
                <d:Longitude>103.866631540648</d:Longitude>
                <d:Message>(1/4)10:51 Roadworks on Braddell Road (towards Tampines) after Braddell U/P. Avoid right lane.</d:Message>
            </m:properties>
        </content>
    </entry>
    <entry>
        <id>http://datamall2.mytransport.sg/ltaodataservice/IncidentSet()</id>
        <category term="DataMall2.Models.IncidentSet" scheme="http://schemas.microsoft.com/ado/2007/08/dataservices/scheme" />
        <link rel="edit" href="http://datamall2.mytransport.sg/ltaodataservice/IncidentSet()" />
        <link rel="self" href="http://datamall2.mytransport.sg/ltaodataservice/IncidentSet()" />
        <title />
        <updated>2016-3-1T3:4:16Z</updated>
        <author>
            <name />
        </author>
        <content type="application/xml">
            <m:properties>
                <d:Type>Roadwork</d:Type>
                <d:Latitude>1.33511042519074</d:Latitude>
                <d:Longitude>103.937178759501</d:Longitude>
                <d:Message>(1/4)10:51 Roadworks on PIE (towards Changi Airport) after Bedok North Ave 3. Avoid lane 3.</d:Message>
            </m:properties>
        </content>
    </entry>
    <entry>
        <id>http://datamall2.mytransport.sg/ltaodataservice/IncidentSet()</id>
        <category term="DataMall2.Models.IncidentSet" scheme="http://schemas.microsoft.com/ado/2007/08/dataservices/scheme" />
        <link rel="edit" href="http://datamall2.mytransport.sg/ltaodataservice/IncidentSet()" />
        <link rel="self" href="http://datamall2.mytransport.sg/ltaodataservice/IncidentSet()" />
        <title />
        <updated>2016-3-1T3:4:16Z</updated>
        <author>
            <name />
        </author>
        <content type="application/xml">
            <m:properties>
                <d:Type>Roadwork</d:Type>
                <d:Latitude>1.33677493152621</d:Latitude>
                <d:Longitude>103.780838034271</d:Longitude>
                <d:Message>(1/4)10:51 Roadworks on Bukit Timah Road (towards Woodlands) after Holland Link. Avoid left lane.</d:Message>
            </m:properties>
        </content>
    </entry>
    <entry>
        <id>http://datamall2.mytransport.sg/ltaodataservice/IncidentSet()</id>
        <category term="DataMall2.Models.IncidentSet" scheme="http://schemas.microsoft.com/ado/2007/08/dataservices/scheme" />
        <link rel="edit" href="http://datamall2.mytransport.sg/ltaodataservice/IncidentSet()" />
        <link rel="self" href="http://datamall2.mytransport.sg/ltaodataservice/IncidentSet()" />
        <title />
        <updated>2016-3-1T3:4:16Z</updated>
        <author>
            <name />
        </author>
        <content type="application/xml">
            <m:properties>
                <d:Type>Roadwork</d:Type>
                <d:Latitude>1.34631732562632</d:Latitude>
                <d:Longitude>103.736420699216</d:Longitude>
                <d:Message>(1/4)10:50 Roadworks on PIE (towards Tuas) at Jurong Town Hall Rd Entrance.</d:Message>
            </m:properties>
        </content>
    </entry>
    <entry>
        <id>http://datamall2.mytransport.sg/ltaodataservice/IncidentSet()</id>
        <category term="DataMall2.Models.IncidentSet" scheme="http://schemas.microsoft.com/ado/2007/08/dataservices/scheme" />
        <link rel="edit" href="http://datamall2.mytransport.sg/ltaodataservice/IncidentSet()" />
        <link rel="self" href="http://datamall2.mytransport.sg/ltaodataservice/IncidentSet()" />
        <title />
        <updated>2016-3-1T3:4:16Z</updated>
        <author>
            <name />
        </author>
        <content type="application/xml">
            <m:properties>
                <d:Type>Roadwork</d:Type>
                <d:Latitude>1.34318392470103</d:Latitude>
                <d:Longitude>103.854045225053</d:Longitude>
                <d:Message>(1/4)10:50 Roadworks on Braddell Road (towards Lornie) after Braddell U/P. Avoid right lane.</d:Message>
            </m:properties>
        </content>
    </entry>
    <entry>
        <id>http://datamall2.mytransport.sg/ltaodataservice/IncidentSet()</id>
        <category term="DataMall2.Models.IncidentSet" scheme="http://schemas.microsoft.com/ado/2007/08/dataservices/scheme" />
        <link rel="edit" href="http://datamall2.mytransport.sg/ltaodataservice/IncidentSet()" />
        <link rel="self" href="http://datamall2.mytransport.sg/ltaodataservice/IncidentSet()" />
        <title />
        <updated>2016-3-1T3:4:16Z</updated>
        <author>
            <name />
        </author>
        <content type="application/xml">
            <m:properties>
                <d:Type>Roadwork</d:Type>
                <d:Latitude>1.34348019082303</d:Latitude>
                <d:Longitude>103.852279106713</d:Longitude>
                <d:Message>(1/4)10:50 Roadworks on Braddell Road (towards Bartley) after Bishan Road. Avoid right lane.</d:Message>
            </m:properties>
        </content>
    </entry>
    <entry>
        <id>http://datamall2.mytransport.sg/ltaodataservice/IncidentSet()</id>
        <category term="DataMall2.Models.IncidentSet" scheme="http://schemas.microsoft.com/ado/2007/08/dataservices/scheme" />
        <link rel="edit" href="http://datamall2.mytransport.sg/ltaodataservice/IncidentSet()" />
        <link rel="self" href="http://datamall2.mytransport.sg/ltaodataservice/IncidentSet()" />
        <title />
        <updated>2016-3-1T3:4:16Z</updated>
        <author>
            <name />
        </author>
        <content type="application/xml">
            <m:properties>
                <d:Type>Roadwork</d:Type>
                <d:Latitude>1.36425109757172</d:Latitude>
                <d:Longitude>103.767791480216</d:Longitude>
                <d:Message>(1/4)10:50 Roadworks on Upper Bukit Timah Road (towards City) after Cashew Road. Avoid right lane.</d:Message>
            </m:properties>
        </content>
    </entry>
    <entry>
        <id>http://datamall2.mytransport.sg/ltaodataservice/IncidentSet()</id>
        <category term="DataMall2.Models.IncidentSet" scheme="http://schemas.microsoft.com/ado/2007/08/dataservices/scheme" />
        <link rel="edit" href="http://datamall2.mytransport.sg/ltaodataservice/IncidentSet()" />
        <link rel="self" href="http://datamall2.mytransport.sg/ltaodataservice/IncidentSet()" />
        <title />
        <updated>2016-3-1T3:4:16Z</updated>
        <author>
            <name />
        </author>
        <content type="application/xml">
            <m:properties>
                <d:Type>Roadwork</d:Type>
                <d:Latitude>1.39418076334459</d:Latitude>
                <d:Longitude>103.753936301756</d:Longitude>
                <d:Message>(1/4)10:50 Roadworks on Woodlands Road (towards City) after Sungei Kadut Ave. Avoid left lane.</d:Message>
            </m:properties>
        </content>
    </entry>
    <entry>
        <id>http://datamall2.mytransport.sg/ltaodataservice/IncidentSet()</id>
        <category term="DataMall2.Models.IncidentSet" scheme="http://schemas.microsoft.com/ado/2007/08/dataservices/scheme" />
        <link rel="edit" href="http://datamall2.mytransport.sg/ltaodataservice/IncidentSet()" />
        <link rel="self" href="http://datamall2.mytransport.sg/ltaodataservice/IncidentSet()" />
        <title />
        <updated>2016-3-1T3:4:16Z</updated>
        <author>
            <name />
        </author>
        <content type="application/xml">
            <m:properties>
                <d:Type>Roadwork</d:Type>
                <d:Latitude>1.37580405561347</d:Latitude>
                <d:Longitude>103.855076965451</d:Longitude>
                <d:Message>(1/4)10:50 Roadworks on Ang Mo Kio Avenue 5 (towards Ang Mo Kio Avenue 10) after Ang Mo Kio Avenue 3.</d:Message>
            </m:properties>
        </content>
    </entry>
    <entry>
        <id>http://datamall2.mytransport.sg/ltaodataservice/IncidentSet()</id>
        <category term="DataMall2.Models.IncidentSet" scheme="http://schemas.microsoft.com/ado/2007/08/dataservices/scheme" />
        <link rel="edit" href="http://datamall2.mytransport.sg/ltaodataservice/IncidentSet()" />
        <link rel="self" href="http://datamall2.mytransport.sg/ltaodataservice/IncidentSet()" />
        <title />
        <updated>2016-3-1T3:4:16Z</updated>
        <author>
            <name />
        </author>
        <content type="application/xml">
            <m:properties>
                <d:Type>Roadwork</d:Type>
                <d:Latitude>1.33143292049879</d:Latitude>
                <d:Longitude>103.953462093803</d:Longitude>
                <d:Message>(1/4)10:50 Roadworks on Upper Changi Road East (toward Changi) after Bedok Road. Avoid left lane.</d:Message>
            </m:properties>
        </content>
    </entry>
    <entry>
        <id>http://datamall2.mytransport.sg/ltaodataservice/IncidentSet()</id>
        <category term="DataMall2.Models.IncidentSet" scheme="http://schemas.microsoft.com/ado/2007/08/dataservices/scheme" />
        <link rel="edit" href="http://datamall2.mytransport.sg/ltaodataservice/IncidentSet()" />
        <link rel="self" href="http://datamall2.mytransport.sg/ltaodataservice/IncidentSet()" />
        <title />
        <updated>2016-3-1T3:4:16Z</updated>
        <author>
            <name />
        </author>
        <content type="application/xml">
            <m:properties>
                <d:Type>Roadwork</d:Type>
                <d:Latitude>1.33160844175024</d:Latitude>
                <d:Longitude>103.953778249656</d:Longitude>
                <d:Message>(1/4)10:50 Roadworks on Upper Changi Road East (toward City) after Xilin Avenue. Avoid left lane.</d:Message>
            </m:properties>
        </content>
    </entry>
    <entry>
        <id>http://datamall2.mytransport.sg/ltaodataservice/IncidentSet()</id>
        <category term="DataMall2.Models.IncidentSet" scheme="http://schemas.microsoft.com/ado/2007/08/dataservices/scheme" />
        <link rel="edit" href="http://datamall2.mytransport.sg/ltaodataservice/IncidentSet()" />
        <link rel="self" href="http://datamall2.mytransport.sg/ltaodataservice/IncidentSet()" />
        <title />
        <updated>2016-3-1T3:4:16Z</updated>
        <author>
            <name />
        </author>
        <content type="application/xml">
            <m:properties>
                <d:Type>Roadwork</d:Type>
                <d:Latitude>1.30384511003282</d:Latitude>
                <d:Longitude>103.86560432815</d:Longitude>
                <d:Message>(1/4)10:50 Roadworks on Beach Road (towards Java Road) after Republic Avenue.</d:Message>
            </m:properties>
        </content>
    </entry>
    <entry>
        <id>http://datamall2.mytransport.sg/ltaodataservice/IncidentSet()</id>
        <category term="DataMall2.Models.IncidentSet" scheme="http://schemas.microsoft.com/ado/2007/08/dataservices/scheme" />
        <link rel="edit" href="http://datamall2.mytransport.sg/ltaodataservice/IncidentSet()" />
        <link rel="self" href="http://datamall2.mytransport.sg/ltaodataservice/IncidentSet()" />
        <title />
        <updated>2016-3-1T3:4:16Z</updated>
        <author>
            <name />
        </author>
        <content type="application/xml">
            <m:properties>
                <d:Type>Roadwork</d:Type>
                <d:Latitude>1.30160676550868</d:Latitude>
                <d:Longitude>103.862388225789</d:Longitude>
                <d:Message>(1/4)10:49 Roadworks on Beach Road near Beach Road/Jalan Sultan Junction.</d:Message>
            </m:properties>
        </content>
    </entry>
    <entry>
        <id>http://datamall2.mytransport.sg/ltaodataservice/IncidentSet()</id>
        <category term="DataMall2.Models.IncidentSet" scheme="http://schemas.microsoft.com/ado/2007/08/dataservices/scheme" />
        <link rel="edit" href="http://datamall2.mytransport.sg/ltaodataservice/IncidentSet()" />
        <link rel="self" href="http://datamall2.mytransport.sg/ltaodataservice/IncidentSet()" />
        <title />
        <updated>2016-3-1T3:4:16Z</updated>
        <author>
            <name />
        </author>
        <content type="application/xml">
            <m:properties>
                <d:Type>Roadwork</d:Type>
                <d:Latitude>1.34628948491596</d:Latitude>
                <d:Longitude>103.952456717617</d:Longitude>
                <d:Message>(1/4)10:43 Roadworks on PIE (towards Changi Airport) after Tampines Ave 5.</d:Message>
            </m:properties>
        </content>
    </entry>
    <entry>
        <id>http://datamall2.mytransport.sg/ltaodataservice/IncidentSet()</id>
        <category term="DataMall2.Models.IncidentSet" scheme="http://schemas.microsoft.com/ado/2007/08/dataservices/scheme" />
        <link rel="edit" href="http://datamall2.mytransport.sg/ltaodataservice/IncidentSet()" />
        <link rel="self" href="http://datamall2.mytransport.sg/ltaodataservice/IncidentSet()" />
        <title />
        <updated>2016-3-1T3:4:16Z</updated>
        <author>
            <name />
        </author>
        <content type="application/xml">
            <m:properties>
                <d:Type>Roadwork</d:Type>
                <d:Latitude>1.30592053504565</d:Latitude>
                <d:Longitude>103.904847861568</d:Longitude>
                <d:Message>(1/4)10:18 Roadworks on East Coast Road (towards Changi) after Tanjong Katong Road. Avoid right lane.</d:Message>
            </m:properties>
        </content>
    </entry>
    <entry>
        <id>http://datamall2.mytransport.sg/ltaodataservice/IncidentSet()</id>
        <category term="DataMall2.Models.IncidentSet" scheme="http://schemas.microsoft.com/ado/2007/08/dataservices/scheme" />
        <link rel="edit" href="http://datamall2.mytransport.sg/ltaodataservice/IncidentSet()" />
        <link rel="self" href="http://datamall2.mytransport.sg/ltaodataservice/IncidentSet()" />
        <title />
        <updated>2016-3-1T3:4:16Z</updated>
        <author>
            <name />
        </author>
        <content type="application/xml">
            <m:properties>
                <d:Type>Roadwork</d:Type>
                <d:Latitude>1.28079938239155</d:Latitude>
                <d:Longitude>103.844434126718</d:Longitude>
                <d:Message>(1/4)10:18 Roadworks on South Bridge Road (towards Maxwell Road) after Sago Lane. Avoid left lane.</d:Message>
            </m:properties>
        </content>
    </entry>
    <entry>
        <id>http://datamall2.mytransport.sg/ltaodataservice/IncidentSet()</id>
        <category term="DataMall2.Models.IncidentSet" scheme="http://schemas.microsoft.com/ado/2007/08/dataservices/scheme" />
        <link rel="edit" href="http://datamall2.mytransport.sg/ltaodataservice/IncidentSet()" />
        <link rel="self" href="http://datamall2.mytransport.sg/ltaodataservice/IncidentSet()" />
        <title />
        <updated>2016-3-1T3:4:16Z</updated>
        <author>
            <name />
        </author>
        <content type="application/xml">
            <m:properties>
                <d:Type>Roadwork</d:Type>
                <d:Latitude>1.29549266802383</d:Latitude>
                <d:Longitude>103.887326440165</d:Longitude>
                <d:Message>(1/4)10:16 Roadworks on ECP (towards City) at Fort Rd Exit.</d:Message>
            </m:properties>
        </content>
    </entry>
    <entry>
        <id>http://datamall2.mytransport.sg/ltaodataservice/IncidentSet()</id>
        <category term="DataMall2.Models.IncidentSet" scheme="http://schemas.microsoft.com/ado/2007/08/dataservices/scheme" />
        <link rel="edit" href="http://datamall2.mytransport.sg/ltaodataservice/IncidentSet()" />
        <link rel="self" href="http://datamall2.mytransport.sg/ltaodataservice/IncidentSet()" />
        <title />
        <updated>2016-3-1T3:4:16Z</updated>
        <author>
            <name />
        </author>
        <content type="application/xml">
            <m:properties>
                <d:Type>Roadwork</d:Type>
                <d:Latitude>1.33720556049685</d:Latitude>
                <d:Longitude>103.779088254219</d:Longitude>
                <d:Message>(1/4)10:15 Roadworks on Bukit Timah Slip Road near Bukit Timah Road/Clementi Road Junction.</d:Message>
            </m:properties>
        </content>
    </entry>
    <entry>
        <id>http://datamall2.mytransport.sg/ltaodataservice/IncidentSet()</id>
        <category term="DataMall2.Models.IncidentSet" scheme="http://schemas.microsoft.com/ado/2007/08/dataservices/scheme" />
        <link rel="edit" href="http://datamall2.mytransport.sg/ltaodataservice/IncidentSet()" />
        <link rel="self" href="http://datamall2.mytransport.sg/ltaodataservice/IncidentSet()" />
        <title />
        <updated>2016-3-1T3:4:16Z</updated>
        <author>
            <name />
        </author>
        <content type="application/xml">
            <m:properties>
                <d:Type>Roadwork</d:Type>
                <d:Latitude>1.33371752503706</d:Latitude>
                <d:Longitude>103.953568350797</d:Longitude>
                <d:Message>(1/4)10:14 Roadworks on Simei Avenue (towards Upper Changi Road East) after Upper Changi Road. Avoid left lane.</d:Message>
            </m:properties>
        </content>
    </entry>
    <entry>
        <id>http://datamall2.mytransport.sg/ltaodataservice/IncidentSet()</id>
        <category term="DataMall2.Models.IncidentSet" scheme="http://schemas.microsoft.com/ado/2007/08/dataservices/scheme" />
        <link rel="edit" href="http://datamall2.mytransport.sg/ltaodataservice/IncidentSet()" />
        <link rel="self" href="http://datamall2.mytransport.sg/ltaodataservice/IncidentSet()" />
        <title />
        <updated>2016-3-1T3:4:16Z</updated>
        <author>
            <name />
        </author>
        <content type="application/xml">
            <m:properties>
                <d:Type>Roadwork</d:Type>
                <d:Latitude>1.27311355163587</d:Latitude>
                <d:Longitude>103.831369475939</d:Longitude>
                <d:Message>(1/4)10:14 Roadworks on AYE (towards MCE) after Keppel Rd Exit. Avoid lane 2.</d:Message>
            </m:properties>
        </content>
    </entry>
    <entry>
        <id>http://datamall2.mytransport.sg/ltaodataservice/IncidentSet()</id>
        <category term="DataMall2.Models.IncidentSet" scheme="http://schemas.microsoft.com/ado/2007/08/dataservices/scheme" />
        <link rel="edit" href="http://datamall2.mytransport.sg/ltaodataservice/IncidentSet()" />
        <link rel="self" href="http://datamall2.mytransport.sg/ltaodataservice/IncidentSet()" />
        <title />
        <updated>2016-3-1T3:4:16Z</updated>
        <author>
            <name />
        </author>
        <content type="application/xml">
            <m:properties>
                <d:Type>Vehicle breakdown</d:Type>
                <d:Latitude>1.29872984215632</d:Latitude>
                <d:Longitude>103.848381411738</d:Longitude>
                <d:Message>(1/4)10:13 Vehicle breakdown on Bras Basah Road (towards Bras Basah Rd) after Buyong Road.</d:Message>
            </m:properties>
        </content>
    </entry>
    <entry>
        <id>http://datamall2.mytransport.sg/ltaodataservice/IncidentSet()</id>
        <category term="DataMall2.Models.IncidentSet" scheme="http://schemas.microsoft.com/ado/2007/08/dataservices/scheme" />
        <link rel="edit" href="http://datamall2.mytransport.sg/ltaodataservice/IncidentSet()" />
        <link rel="self" href="http://datamall2.mytransport.sg/ltaodataservice/IncidentSet()" />
        <title />
        <updated>2016-3-1T3:4:16Z</updated>
        <author>
            <name />
        </author>
        <content type="application/xml">
            <m:properties>
                <d:Type>Roadwork</d:Type>
                <d:Latitude>1.36065651486707</d:Latitude>
                <d:Longitude>103.961524036837</d:Longitude>
                <d:Message>(1/4)10:12 Roadworks on Loyang Avenue (towards TPE) after TPE. Avoid right lane.</d:Message>
            </m:properties>
        </content>
    </entry>
    <entry>
        <id>http://datamall2.mytransport.sg/ltaodataservice/IncidentSet()</id>
        <category term="DataMall2.Models.IncidentSet" scheme="http://schemas.microsoft.com/ado/2007/08/dataservices/scheme" />
        <link rel="edit" href="http://datamall2.mytransport.sg/ltaodataservice/IncidentSet()" />
        <link rel="self" href="http://datamall2.mytransport.sg/ltaodataservice/IncidentSet()" />
        <title />
        <updated>2016-3-1T3:4:16Z</updated>
        <author>
            <name />
        </author>
        <content type="application/xml">
            <m:properties>
                <d:Type>Roadwork</d:Type>
                <d:Latitude>1.43290020157146</d:Latitude>
                <d:Longitude>103.787981350699</d:Longitude>
                <d:Message>(1/4)10:09 Roadworks on Woodlands Avenue 2 near Woodlands Avenue 1/Woodlands Avenue 2 Junction.</d:Message>
            </m:properties>
        </content>
    </entry>
    <entry>
        <id>http://datamall2.mytransport.sg/ltaodataservice/IncidentSet()</id>
        <category term="DataMall2.Models.IncidentSet" scheme="http://schemas.microsoft.com/ado/2007/08/dataservices/scheme" />
        <link rel="edit" href="http://datamall2.mytransport.sg/ltaodataservice/IncidentSet()" />
        <link rel="self" href="http://datamall2.mytransport.sg/ltaodataservice/IncidentSet()" />
        <title />
        <updated>2016-3-1T3:4:16Z</updated>
        <author>
            <name />
        </author>
        <content type="application/xml">
            <m:properties>
                <d:Type>Roadwork</d:Type>
                <d:Latitude>1.31143144087965</d:Latitude>
                <d:Longitude>103.77859991423</d:Longitude>
                <d:Message>(1/4)10:08 Roadworks on Commonwealth Avenue West (towards City) after Clementi Road. Avoid right lane.</d:Message>
            </m:properties>
        </content>
    </entry>
    <entry>
        <id>http://datamall2.mytransport.sg/ltaodataservice/IncidentSet()</id>
        <category term="DataMall2.Models.IncidentSet" scheme="http://schemas.microsoft.com/ado/2007/08/dataservices/scheme" />
        <link rel="edit" href="http://datamall2.mytransport.sg/ltaodataservice/IncidentSet()" />
        <link rel="self" href="http://datamall2.mytransport.sg/ltaodataservice/IncidentSet()" />
        <title />
        <updated>2016-3-1T3:4:16Z</updated>
        <author>
            <name />
        </author>
        <content type="application/xml">
            <m:properties>
                <d:Type>Roadwork</d:Type>
                <d:Latitude>1.30790961460974</d:Latitude>
                <d:Longitude>103.864126637455</d:Longitude>
                <d:Message>(1/4)10:08 Roadworks on Crawford Street near Crawford Street/North Bridge Road Junction.</d:Message>
            </m:properties>
        </content>
    </entry>
    <entry>
        <id>http://datamall2.mytransport.sg/ltaodataservice/IncidentSet()</id>
        <category term="DataMall2.Models.IncidentSet" scheme="http://schemas.microsoft.com/ado/2007/08/dataservices/scheme" />
        <link rel="edit" href="http://datamall2.mytransport.sg/ltaodataservice/IncidentSet()" />
        <link rel="self" href="http://datamall2.mytransport.sg/ltaodataservice/IncidentSet()" />
        <title />
        <updated>2016-3-1T3:4:16Z</updated>
        <author>
            <name />
        </author>
        <content type="application/xml">
            <m:properties>
                <d:Type>Roadwork</d:Type>
                <d:Latitude>1.29630002150736</d:Latitude>
                <d:Longitude>103.83223340801</d:Longitude>
                <d:Message>(1/4)10:07 Roadworks on River Valley Road near Leonie Hill/River Valley Road Junction.</d:Message>
            </m:properties>
        </content>
    </entry>
    <entry>
        <id>http://datamall2.mytransport.sg/ltaodataservice/IncidentSet()</id>
        <category term="DataMall2.Models.IncidentSet" scheme="http://schemas.microsoft.com/ado/2007/08/dataservices/scheme" />
        <link rel="edit" href="http://datamall2.mytransport.sg/ltaodataservice/IncidentSet()" />
        <link rel="self" href="http://datamall2.mytransport.sg/ltaodataservice/IncidentSet()" />
        <title />
        <updated>2016-3-1T3:4:16Z</updated>
        <author>
            <name />
        </author>
        <content type="application/xml">
            <m:properties>
                <d:Type>Roadwork</d:Type>
                <d:Latitude>1.32336327670224</d:Latitude>
                <d:Longitude>103.663824170807</d:Longitude>
                <d:Message>(1/4)10:06 Roadworks on PIE (towards Changi Airport) before Pasir Laba. Avoid lane 3.</d:Message>
            </m:properties>
        </content>
    </entry>
    <entry>
        <id>http://datamall2.mytransport.sg/ltaodataservice/IncidentSet()</id>
        <category term="DataMall2.Models.IncidentSet" scheme="http://schemas.microsoft.com/ado/2007/08/dataservices/scheme" />
        <link rel="edit" href="http://datamall2.mytransport.sg/ltaodataservice/IncidentSet()" />
        <link rel="self" href="http://datamall2.mytransport.sg/ltaodataservice/IncidentSet()" />
        <title />
        <updated>2016-3-1T3:4:16Z</updated>
        <author>
            <name />
        </author>
        <content type="application/xml">
            <m:properties>
                <d:Type>Roadwork</d:Type>
                <d:Latitude>1.31696931041612</d:Latitude>
                <d:Longitude>103.892613422233</d:Longitude>
                <d:Message>(1/4)10:06 Roadworks on Sims Avenue (toward Changi) after Paya Lebar Road. Avoid right lane.</d:Message>
            </m:properties>
        </content>
    </entry>
    <entry>
        <id>http://datamall2.mytransport.sg/ltaodataservice/IncidentSet()</id>
        <category term="DataMall2.Models.IncidentSet" scheme="http://schemas.microsoft.com/ado/2007/08/dataservices/scheme" />
        <link rel="edit" href="http://datamall2.mytransport.sg/ltaodataservice/IncidentSet()" />
        <link rel="self" href="http://datamall2.mytransport.sg/ltaodataservice/IncidentSet()" />
        <title />
        <updated>2016-3-1T3:4:16Z</updated>
        <author>
            <name />
        </author>
        <content type="application/xml">
            <m:properties>
                <d:Type>Roadwork</d:Type>
                <d:Latitude>1.34506258747817</d:Latitude>
                <d:Longitude>103.788004141399</d:Longitude>
                <d:Message>(1/4)10:05 Roadworks on PIE (towards Tuas) after BKE.</d:Message>
            </m:properties>
        </content>
    </entry>
    <entry>
        <id>http://datamall2.mytransport.sg/ltaodataservice/IncidentSet()</id>
        <category term="DataMall2.Models.IncidentSet" scheme="http://schemas.microsoft.com/ado/2007/08/dataservices/scheme" />
        <link rel="edit" href="http://datamall2.mytransport.sg/ltaodataservice/IncidentSet()" />
        <link rel="self" href="http://datamall2.mytransport.sg/ltaodataservice/IncidentSet()" />
        <title />
        <updated>2016-3-1T3:4:16Z</updated>
        <author>
            <name />
        </author>
        <content type="application/xml">
            <m:properties>
                <d:Type>Roadwork</d:Type>
                <d:Latitude>1.3314600154199</d:Latitude>
                <d:Longitude>103.917965073626</d:Longitude>
                <d:Message>(1/4)10:05 Roadworks on PIE (towards Tuas) at Bedok North Rd Entrance.</d:Message>
            </m:properties>
        </content>
    </entry>
    <entry>
        <id>http://datamall2.mytransport.sg/ltaodataservice/IncidentSet()</id>
        <category term="DataMall2.Models.IncidentSet" scheme="http://schemas.microsoft.com/ado/2007/08/dataservices/scheme" />
        <link rel="edit" href="http://datamall2.mytransport.sg/ltaodataservice/IncidentSet()" />
        <link rel="self" href="http://datamall2.mytransport.sg/ltaodataservice/IncidentSet()" />
        <title />
        <updated>2016-3-1T3:4:16Z</updated>
        <author>
            <name />
        </author>
        <content type="application/xml">
            <m:properties>
                <d:Type>Roadwork</d:Type>
                <d:Latitude>1.30058261261389</d:Latitude>
                <d:Longitude>103.858691249026</d:Longitude>
                <d:Message>(1/4)10:05 Roadworks on Ophir Road (towards Beach Road) after North Bridge Road. Avoid right lane.</d:Message>
            </m:properties>
        </content>
    </entry>
    <entry>
        <id>http://datamall2.mytransport.sg/ltaodataservice/IncidentSet()</id>
        <category term="DataMall2.Models.IncidentSet" scheme="http://schemas.microsoft.com/ado/2007/08/dataservices/scheme" />
        <link rel="edit" href="http://datamall2.mytransport.sg/ltaodataservice/IncidentSet()" />
        <link rel="self" href="http://datamall2.mytransport.sg/ltaodataservice/IncidentSet()" />
        <title />
        <updated>2016-3-1T3:4:16Z</updated>
        <author>
            <name />
        </author>
        <content type="application/xml">
            <m:properties>
                <d:Type>Roadwork</d:Type>
                <d:Latitude>1.31271731594884</d:Latitude>
                <d:Longitude>103.830871729937</d:Longitude>
                <d:Message>(1/4)10:05 Roadworks on Stevens Road (towards Draycott Park) after Balmoral Road.</d:Message>
            </m:properties>
        </content>
    </entry>
    <entry>
        <id>http://datamall2.mytransport.sg/ltaodataservice/IncidentSet()</id>
        <category term="DataMall2.Models.IncidentSet" scheme="http://schemas.microsoft.com/ado/2007/08/dataservices/scheme" />
        <link rel="edit" href="http://datamall2.mytransport.sg/ltaodataservice/IncidentSet()" />
        <link rel="self" href="http://datamall2.mytransport.sg/ltaodataservice/IncidentSet()" />
        <title />
        <updated>2016-3-1T3:4:16Z</updated>
        <author>
            <name />
        </author>
        <content type="application/xml">
            <m:properties>
                <d:Type>Roadwork</d:Type>
                <d:Latitude>1.33637571351634</d:Latitude>
                <d:Longitude>103.782764811011</d:Longitude>
                <d:Message>(1/4)10:05 Roadworks on Dunearn Road (towards City) after Jalan Anak Bukit. Avoid right lane.</d:Message>
            </m:properties>
        </content>
    </entry>
    <entry>
        <id>http://datamall2.mytransport.sg/ltaodataservice/IncidentSet()</id>
        <category term="DataMall2.Models.IncidentSet" scheme="http://schemas.microsoft.com/ado/2007/08/dataservices/scheme" />
        <link rel="edit" href="http://datamall2.mytransport.sg/ltaodataservice/IncidentSet()" />
        <link rel="self" href="http://datamall2.mytransport.sg/ltaodataservice/IncidentSet()" />
        <title />
        <updated>2016-3-1T3:4:16Z</updated>
        <author>
            <name />
        </author>
        <content type="application/xml">
            <m:properties>
                <d:Type>Roadwork</d:Type>
                <d:Latitude>1.33694790886107</d:Latitude>
                <d:Longitude>103.747616721094</d:Longitude>
                <d:Message>(1/4)10:05 Roadworks on Toh Guan Road (towards Toh Guan Road East) after PIE.</d:Message>
            </m:properties>
        </content>
    </entry>
    <entry>
        <id>http://datamall2.mytransport.sg/ltaodataservice/IncidentSet()</id>
        <category term="DataMall2.Models.IncidentSet" scheme="http://schemas.microsoft.com/ado/2007/08/dataservices/scheme" />
        <link rel="edit" href="http://datamall2.mytransport.sg/ltaodataservice/IncidentSet()" />
        <link rel="self" href="http://datamall2.mytransport.sg/ltaodataservice/IncidentSet()" />
        <title />
        <updated>2016-3-1T3:4:16Z</updated>
        <author>
            <name />
        </author>
        <content type="application/xml">
            <m:properties>
                <d:Type>Roadwork</d:Type>
                <d:Latitude>1.30101899453816</d:Latitude>
                <d:Longitude>103.894056658853</d:Longitude>
                <d:Message>(1/4)10:05 Roadworks on Mountbatten Road (towards City) after Tanjong Katong Road South. Avoid right lane.</d:Message>
            </m:properties>
        </content>
    </entry>
    <entry>
        <id>http://datamall2.mytransport.sg/ltaodataservice/IncidentSet()</id>
        <category term="DataMall2.Models.IncidentSet" scheme="http://schemas.microsoft.com/ado/2007/08/dataservices/scheme" />
        <link rel="edit" href="http://datamall2.mytransport.sg/ltaodataservice/IncidentSet()" />
        <link rel="self" href="http://datamall2.mytransport.sg/ltaodataservice/IncidentSet()" />
        <title />
        <updated>2016-3-1T3:4:16Z</updated>
        <author>
            <name />
        </author>
        <content type="application/xml">
            <m:properties>
                <d:Type>Roadwork</d:Type>
                <d:Latitude>1.30092024821949</d:Latitude>
                <d:Longitude>103.893631456091</d:Longitude>
                <d:Message>(1/4)10:05 Roadworks on Mountbatten Road (towards Changi) after Fort Road. Avoid right lane.</d:Message>
            </m:properties>
        </content>
    </entry>
    <entry>
        <id>http://datamall2.mytransport.sg/ltaodataservice/IncidentSet()</id>
        <category term="DataMall2.Models.IncidentSet" scheme="http://schemas.microsoft.com/ado/2007/08/dataservices/scheme" />
        <link rel="edit" href="http://datamall2.mytransport.sg/ltaodataservice/IncidentSet()" />
        <link rel="self" href="http://datamall2.mytransport.sg/ltaodataservice/IncidentSet()" />
        <title />
        <updated>2016-3-1T3:4:16Z</updated>
        <author>
            <name />
        </author>
        <content type="application/xml">
            <m:properties>
                <d:Type>Roadwork</d:Type>
                <d:Latitude>1.34088096609193</d:Latitude>
                <d:Longitude>103.981534045968</d:Longitude>
                <d:Message>(1/4)10:04 Roadworks on ECP (towards Changi Airport) after PIE Exit. Avoid lane 4.</d:Message>
            </m:properties>
        </content>
    </entry>
    <entry>
        <id>http://datamall2.mytransport.sg/ltaodataservice/IncidentSet()</id>
        <category term="DataMall2.Models.IncidentSet" scheme="http://schemas.microsoft.com/ado/2007/08/dataservices/scheme" />
        <link rel="edit" href="http://datamall2.mytransport.sg/ltaodataservice/IncidentSet()" />
        <link rel="self" href="http://datamall2.mytransport.sg/ltaodataservice/IncidentSet()" />
        <title />
        <updated>2016-3-1T3:4:16Z</updated>
        <author>
            <name />
        </author>
        <content type="application/xml">
            <m:properties>
                <d:Type>Roadwork</d:Type>
                <d:Latitude>1.31116250520963</d:Latitude>
                <d:Longitude>103.772178721667</d:Longitude>
                <d:Message>(1/4)10:04 Roadworks on Clementi Road (towards Dover Road) after Commonwealth Avenue West. Avoid right lane.</d:Message>
            </m:properties>
        </content>
    </entry>
    <entry>
        <id>http://datamall2.mytransport.sg/ltaodataservice/IncidentSet()</id>
        <category term="DataMall2.Models.IncidentSet" scheme="http://schemas.microsoft.com/ado/2007/08/dataservices/scheme" />
        <link rel="edit" href="http://datamall2.mytransport.sg/ltaodataservice/IncidentSet()" />
        <link rel="self" href="http://datamall2.mytransport.sg/ltaodataservice/IncidentSet()" />
        <title />
        <updated>2016-3-1T3:4:16Z</updated>
        <author>
            <name />
        </author>
        <content type="application/xml">
            <m:properties>
                <d:Type>Roadwork</d:Type>
                <d:Latitude>1.30711360889494</d:Latitude>
                <d:Longitude>103.906695738853</d:Longitude>
                <d:Message>(1/4)10:04 Roadworks on East Coast Road (towards City) after Still Road South. Avoid right lane.</d:Message>
            </m:properties>
        </content>
    </entry>
    <entry>
        <id>http://datamall2.mytransport.sg/ltaodataservice/IncidentSet()</id>
        <category term="DataMall2.Models.IncidentSet" scheme="http://schemas.microsoft.com/ado/2007/08/dataservices/scheme" />
        <link rel="edit" href="http://datamall2.mytransport.sg/ltaodataservice/IncidentSet()" />
        <link rel="self" href="http://datamall2.mytransport.sg/ltaodataservice/IncidentSet()" />
        <title />
        <updated>2016-3-1T3:4:16Z</updated>
        <author>
            <name />
        </author>
        <content type="application/xml">
            <m:properties>
                <d:Type>Roadwork</d:Type>
                <d:Latitude>1.30716850266707</d:Latitude>
                <d:Longitude>103.906733928686</d:Longitude>
                <d:Message>(1/4)10:04 Roadworks on East Coast Road (towards Changi) after Joo Chiat Road. Avoid right lane.</d:Message>
            </m:properties>
        </content>
    </entry>
    <entry>
        <id>http://datamall2.mytransport.sg/ltaodataservice/IncidentSet()</id>
        <category term="DataMall2.Models.IncidentSet" scheme="http://schemas.microsoft.com/ado/2007/08/dataservices/scheme" />
        <link rel="edit" href="http://datamall2.mytransport.sg/ltaodataservice/IncidentSet()" />
        <link rel="self" href="http://datamall2.mytransport.sg/ltaodataservice/IncidentSet()" />
        <title />
        <updated>2016-3-1T3:4:16Z</updated>
        <author>
            <name />
        </author>
        <content type="application/xml">
            <m:properties>
                <d:Type>Roadwork</d:Type>
                <d:Latitude>1.33831240064938</d:Latitude>
                <d:Longitude>103.949665674604</d:Longitude>
                <d:Message>(1/4)10:04 Roadworks on Simei Avenue (towards Upper Changi Road) after Simei Street 3. Avoid left lane.</d:Message>
            </m:properties>
        </content>
    </entry>
    <entry>
        <id>http://datamall2.mytransport.sg/ltaodataservice/IncidentSet()</id>
        <category term="DataMall2.Models.IncidentSet" scheme="http://schemas.microsoft.com/ado/2007/08/dataservices/scheme" />
        <link rel="edit" href="http://datamall2.mytransport.sg/ltaodataservice/IncidentSet()" />
        <link rel="self" href="http://datamall2.mytransport.sg/ltaodataservice/IncidentSet()" />
        <title />
        <updated>2016-3-1T3:4:16Z</updated>
        <author>
            <name />
        </author>
        <content type="application/xml">
            <m:properties>
                <d:Type>Roadwork</d:Type>
                <d:Latitude>1.31303337367417</d:Latitude>
                <d:Longitude>103.772227728033</d:Longitude>
                <d:Message>(1/4)10:03 Roadworks on Clementi Road near Clementi Road/Commonwealth Avenue West Junction.</d:Message>
            </m:properties>
        </content>
    </entry>
    <entry>
        <id>http://datamall2.mytransport.sg/ltaodataservice/IncidentSet()</id>
        <category term="DataMall2.Models.IncidentSet" scheme="http://schemas.microsoft.com/ado/2007/08/dataservices/scheme" />
        <link rel="edit" href="http://datamall2.mytransport.sg/ltaodataservice/IncidentSet()" />
        <link rel="self" href="http://datamall2.mytransport.sg/ltaodataservice/IncidentSet()" />
        <title />
        <updated>2016-3-1T3:4:16Z</updated>
        <author>
            <name />
        </author>
        <content type="application/xml">
            <m:properties>
                <d:Type>Roadwork</d:Type>
                <d:Latitude>1.36351470281813</d:Latitude>
                <d:Longitude>103.768510641624</d:Longitude>
                <d:Message>(1/4)10:02 Roadworks on Dairy Farm Road (towards Dairy Farm Crescent) after Petir Road. Avoid left lane.</d:Message>
            </m:properties>
        </content>
    </entry>
    <entry>
        <id>http://datamall2.mytransport.sg/ltaodataservice/IncidentSet()</id>
        <category term="DataMall2.Models.IncidentSet" scheme="http://schemas.microsoft.com/ado/2007/08/dataservices/scheme" />
        <link rel="edit" href="http://datamall2.mytransport.sg/ltaodataservice/IncidentSet()" />
        <link rel="self" href="http://datamall2.mytransport.sg/ltaodataservice/IncidentSet()" />
        <title />
        <updated>2016-3-1T3:4:16Z</updated>
        <author>
            <name />
        </author>
        <content type="application/xml">
            <m:properties>
                <d:Type>Roadwork</d:Type>
                <d:Latitude>1.30830416662217</d:Latitude>
                <d:Longitude>103.908260233952</d:Longitude>
                <d:Message>(1/4)10:01 Roadworks on East Coast Slip Road near East Coast Road/Still Road Junction.</d:Message>
            </m:properties>
        </content>
    </entry>
    <entry>
        <id>http://datamall2.mytransport.sg/ltaodataservice/IncidentSet()</id>
        <category term="DataMall2.Models.IncidentSet" scheme="http://schemas.microsoft.com/ado/2007/08/dataservices/scheme" />
        <link rel="edit" href="http://datamall2.mytransport.sg/ltaodataservice/IncidentSet()" />
        <link rel="self" href="http://datamall2.mytransport.sg/ltaodataservice/IncidentSet()" />
        <title />
        <updated>2016-3-1T3:4:16Z</updated>
        <author>
            <name />
        </author>
        <content type="application/xml">
            <m:properties>
                <d:Type>Roadwork</d:Type>
                <d:Latitude>1.36691579740771</d:Latitude>
                <d:Longitude>103.710527564108</d:Longitude>
                <d:Message>(1/4)9:58 Roadworks on KJE (towards PIE) before PIE(Changi) Exit.</d:Message>
            </m:properties>
        </content>
    </entry>
    <entry>
        <id>http://datamall2.mytransport.sg/ltaodataservice/IncidentSet()</id>
        <category term="DataMall2.Models.IncidentSet" scheme="http://schemas.microsoft.com/ado/2007/08/dataservices/scheme" />
        <link rel="edit" href="http://datamall2.mytransport.sg/ltaodataservice/IncidentSet()" />
        <link rel="self" href="http://datamall2.mytransport.sg/ltaodataservice/IncidentSet()" />
        <title />
        <updated>2016-3-1T3:4:16Z</updated>
        <author>
            <name />
        </author>
        <content type="application/xml">
            <m:properties>
                <d:Type>Roadwork</d:Type>
                <d:Latitude>1.28044557907278</d:Latitude>
                <d:Longitude>103.843886654895</d:Longitude>
                <d:Message>(1/4)9:55 Roadworks on Neil Road near Maxwell Road/Neil Road Junction.</d:Message>
            </m:properties>
        </content>
    </entry>
</feed>