<feed xmlns="http://www.w3.org/2005/Atom" xmlns:d="http://schemas.microsoft.com/ado/2007/08/dataservices" xmlns:m="http://schemas.microsoft.com/ado/2007/08/dataservices/metadata" xmlns:georss="http://www.georss.org/georss" xmlns:gml="http://www.opengis.net/gml" xml:base="http://datamall2.mytransport.sg/ltaodataservice">
    <id>http://schemas.datacontract.org/2004/07/</id>
    <title />
    <updated>2016-3-1T3:7:24Z</updated>
    <link rel="self" href="http://datamall2.mytransport.sg/ltaodataservice/CarParkAvailability" />
    <entry>
        <id>http://datamall2.mytransport.sg/ltaodataservice/CarParkAvailability()</id>
        <category term="DataMall2.Models.CarParkAvailability" scheme="http://schemas.microsoft.com/ado/2007/08/dataservices/scheme" />
        <link rel="edit" href="http://datamall2.mytransport.sg/ltaodataservice/CarParkAvailability()" />
        <link rel="self" href="http://datamall2.mytransport.sg/ltaodataservice/CarParkAvailability()" />
        <title />
        <updated>2016-3-1T3:7:24Z</updated>
        <author>
            <name />
        </author>
        <content type="application/xml">
            <m:properties>
                <d:CarParkID>1</d:CarParkID>
                <d:Area>Marina</d:Area>
                <d:Development>Suntec City</d:Development>
                <d:Latitude>1.29375</d:Latitude>
                <d:Longitude>103.85718</d:Longitude>
                <d:Lots>735</d:Lots>
            </m:properties>
        </content>
    </entry>
    <entry>
        <id>http://datamall2.mytransport.sg/ltaodataservice/CarParkAvailability()</id>
        <category term="DataMall2.Models.CarParkAvailability" scheme="http://schemas.microsoft.com/ado/2007/08/dataservices/scheme" />
        <link rel="edit" href="http://datamall2.mytransport.sg/ltaodataservice/CarParkAvailability()" />
        <link rel="self" href="http://datamall2.mytransport.sg/ltaodataservice/CarParkAvailability()" />
        <title />
        <updated>2016-3-1T3:7:24Z</updated>
        <author>
            <name />
        </author>
        <content type="application/xml">
            <m:properties>
                <d:CarParkID>2</d:CarParkID>
                <d:Area>Marina</d:Area>
                <d:Development>Marina Square</d:Development>
                <d:Latitude>1.29115</d:Latitude>
                <d:Longitude>103.85728</d:Longitude>
                <d:Lots>1095</d:Lots>
            </m:properties>
        </content>
    </entry>
    <entry>
        <id>http://datamall2.mytransport.sg/ltaodataservice/CarParkAvailability()</id>
        <category term="DataMall2.Models.CarParkAvailability" scheme="http://schemas.microsoft.com/ado/2007/08/dataservices/scheme" />
        <link rel="edit" href="http://datamall2.mytransport.sg/ltaodataservice/CarParkAvailability()" />
        <link rel="self" href="http://datamall2.mytransport.sg/ltaodataservice/CarParkAvailability()" />
        <title />
        <updated>2016-3-1T3:7:24Z</updated>
        <author>
            <name />
        </author>
        <content type="application/xml">
            <m:properties>
                <d:CarParkID>4</d:CarParkID>
                <d:Area>Marina</d:Area>
                <d:Development>The Esplanade</d:Development>
                <d:Latitude>1.29011</d:Latitude>
                <d:Longitude>103.85561</d:Longitude>
                <d:Lots>609</d:Lots>
            </m:properties>
        </content>
    </entry>
    <entry>
        <id>http://datamall2.mytransport.sg/ltaodataservice/CarParkAvailability()</id>
        <category term="DataMall2.Models.CarParkAvailability" scheme="http://schemas.microsoft.com/ado/2007/08/dataservices/scheme" />
        <link rel="edit" href="http://datamall2.mytransport.sg/ltaodataservice/CarParkAvailability()" />
        <link rel="self" href="http://datamall2.mytransport.sg/ltaodataservice/CarParkAvailability()" />
        <title />
        <updated>2016-3-1T3:7:24Z</updated>
        <author>
            <name />
        </author>
        <content type="application/xml">
            <m:properties>
                <d:CarParkID>5</d:CarParkID>
                <d:Area>Marina</d:Area>
                <d:Development>Millenia Singapore</d:Development>
                <d:Latitude>1.29251</d:Latitude>
                <d:Longitude>103.86009</d:Longitude>
                <d:Lots>524</d:Lots>
            </m:properties>
        </content>
    </entry>
    <entry>
        <id>http://datamall2.mytransport.sg/ltaodataservice/CarParkAvailability()</id>
        <category term="DataMall2.Models.CarParkAvailability" scheme="http://schemas.microsoft.com/ado/2007/08/dataservices/scheme" />
        <link rel="edit" href="http://datamall2.mytransport.sg/ltaodataservice/CarParkAvailability()" />
        <link rel="self" href="http://datamall2.mytransport.sg/ltaodataservice/CarParkAvailability()" />
        <title />
        <updated>2016-3-1T3:7:24Z</updated>
        <author>
            <name />
        </author>
        <content type="application/xml">
            <m:properties>
                <d:CarParkID>6</d:CarParkID>
                <d:Area>Marina</d:Area>
                <d:Development>Singapore Flyer</d:Development>
                <d:Latitude>1.28944</d:Latitude>
                <d:Longitude>103.86311</d:Longitude>
                <d:Lots>263</d:Lots>
            </m:properties>
        </content>
    </entry>
    <entry>
        <id>http://datamall2.mytransport.sg/ltaodataservice/CarParkAvailability()</id>
        <category term="DataMall2.Models.CarParkAvailability" scheme="http://schemas.microsoft.com/ado/2007/08/dataservices/scheme" />
        <link rel="edit" href="http://datamall2.mytransport.sg/ltaodataservice/CarParkAvailability()" />
        <link rel="self" href="http://datamall2.mytransport.sg/ltaodataservice/CarParkAvailability()" />
        <title />
        <updated>2016-3-1T3:7:24Z</updated>
        <author>
            <name />
        </author>
        <content type="application/xml">
            <m:properties>
                <d:CarParkID>16</d:CarParkID>
                <d:Area>Harbfront</d:Area>
                <d:Development>VivoCity P3</d:Development>
                <d:Latitude>1.26421</d:Latitude>
                <d:Longitude>103.82263</d:Longitude>
                <d:Lots>1026</d:Lots>
            </m:properties>
        </content>
    </entry>
    <entry>
        <id>http://datamall2.mytransport.sg/ltaodataservice/CarParkAvailability()</id>
        <category term="DataMall2.Models.CarParkAvailability" scheme="http://schemas.microsoft.com/ado/2007/08/dataservices/scheme" />
        <link rel="edit" href="http://datamall2.mytransport.sg/ltaodataservice/CarParkAvailability()" />
        <link rel="self" href="http://datamall2.mytransport.sg/ltaodataservice/CarParkAvailability()" />
        <title />
        <updated>2016-3-1T3:7:24Z</updated>
        <author>
            <name />
        </author>
        <content type="application/xml">
            <m:properties>
                <d:CarParkID>17</d:CarParkID>
                <d:Area>Harbfront</d:Area>
                <d:Development>Sentosa</d:Development>
                <d:Latitude>1.25017</d:Latitude>
                <d:Longitude>103.83126</d:Longitude>
                <d:Lots>814</d:Lots>
            </m:properties>
        </content>
    </entry>
    <entry>
        <id>http://datamall2.mytransport.sg/ltaodataservice/CarParkAvailability()</id>
        <category term="DataMall2.Models.CarParkAvailability" scheme="http://schemas.microsoft.com/ado/2007/08/dataservices/scheme" />
        <link rel="edit" href="http://datamall2.mytransport.sg/ltaodataservice/CarParkAvailability()" />
        <link rel="self" href="http://datamall2.mytransport.sg/ltaodataservice/CarParkAvailability()" />
        <title />
        <updated>2016-3-1T3:7:24Z</updated>
        <author>
            <name />
        </author>
        <content type="application/xml">
            <m:properties>
                <d:CarParkID>19</d:CarParkID>
                <d:Area>Harbfront</d:Area>
                <d:Development>Harbourfront Centre</d:Development>
                <d:Latitude>1.26426</d:Latitude>
                <d:Longitude>103.82011</d:Longitude>
                <d:Lots>268</d:Lots>
            </m:properties>
        </content>
    </entry>
    <entry>
        <id>http://datamall2.mytransport.sg/ltaodataservice/CarParkAvailability()</id>
        <category term="DataMall2.Models.CarParkAvailability" scheme="http://schemas.microsoft.com/ado/2007/08/dataservices/scheme" />
        <link rel="edit" href="http://datamall2.mytransport.sg/ltaodataservice/CarParkAvailability()" />
        <link rel="self" href="http://datamall2.mytransport.sg/ltaodataservice/CarParkAvailability()" />
        <title />
        <updated>2016-3-1T3:7:24Z</updated>
        <author>
            <name />
        </author>
        <content type="application/xml">
            <m:properties>
                <d:CarParkID>50</d:CarParkID>
                <d:Area>Harbfront</d:Area>
                <d:Development>VivoCity P2</d:Development>
                <d:Latitude>1.26426</d:Latitude>
                <d:Longitude>103.82164</d:Longitude>
                <d:Lots>726</d:Lots>
            </m:properties>
        </content>
    </entry>
    <entry>
        <id>http://datamall2.mytransport.sg/ltaodataservice/CarParkAvailability()</id>
        <category term="DataMall2.Models.CarParkAvailability" scheme="http://schemas.microsoft.com/ado/2007/08/dataservices/scheme" />
        <link rel="edit" href="http://datamall2.mytransport.sg/ltaodataservice/CarParkAvailability()" />
        <link rel="self" href="http://datamall2.mytransport.sg/ltaodataservice/CarParkAvailability()" />
        <title />
        <updated>2016-3-1T3:7:24Z</updated>
        <author>
            <name />
        </author>
        <content type="application/xml">
            <m:properties>
                <d:CarParkID>20</d:CarParkID>
                <d:Area>Orchard</d:Area>
                <d:Development>Far East Plaza</d:Development>
                <d:Latitude>1.3071</d:Latitude>
                <d:Longitude>103.83359</d:Longitude>
                <d:Lots>333</d:Lots>
            </m:properties>
        </content>
    </entry>
    <entry>
        <id>http://datamall2.mytransport.sg/ltaodataservice/CarParkAvailability()</id>
        <category term="DataMall2.Models.CarParkAvailability" scheme="http://schemas.microsoft.com/ado/2007/08/dataservices/scheme" />
        <link rel="edit" href="http://datamall2.mytransport.sg/ltaodataservice/CarParkAvailability()" />
        <link rel="self" href="http://datamall2.mytransport.sg/ltaodataservice/CarParkAvailability()" />
        <title />
        <updated>2016-3-1T3:7:24Z</updated>
        <author>
            <name />
        </author>
        <content type="application/xml">
            <m:properties>
                <d:CarParkID>18</d:CarParkID>
                <d:Area>Orchard</d:Area>
                <d:Development>Tang Plaza</d:Development>
                <d:Latitude>1.30491</d:Latitude>
                <d:Longitude>103.83312</d:Longitude>
                <d:Lots>150</d:Lots>
            </m:properties>
        </content>
    </entry>
    <entry>
        <id>http://datamall2.mytransport.sg/ltaodataservice/CarParkAvailability()</id>
        <category term="DataMall2.Models.CarParkAvailability" scheme="http://schemas.microsoft.com/ado/2007/08/dataservices/scheme" />
        <link rel="edit" href="http://datamall2.mytransport.sg/ltaodataservice/CarParkAvailability()" />
        <link rel="self" href="http://datamall2.mytransport.sg/ltaodataservice/CarParkAvailability()" />
        <title />
        <updated>2016-3-1T3:7:24Z</updated>
        <author>
            <name />
        </author>
        <content type="application/xml">
            <m:properties>
                <d:CarParkID>13</d:CarParkID>
                <d:Area>Orchard</d:Area>
                <d:Development>Ngee Ann City</d:Development>
                <d:Latitude>1.30236</d:Latitude>
                <d:Longitude>103.8349</d:Longitude>
                <d:Lots>722</d:Lots>
            </m:properties>
        </content>
    </entry>
    <entry>
        <id>http://datamall2.mytransport.sg/ltaodataservice/CarParkAvailability()</id>
        <category term="DataMall2.Models.CarParkAvailability" scheme="http://schemas.microsoft.com/ado/2007/08/dataservices/scheme" />
        <link rel="edit" href="http://datamall2.mytransport.sg/ltaodataservice/CarParkAvailability()" />
        <link rel="self" href="http://datamall2.mytransport.sg/ltaodataservice/CarParkAvailability()" />
        <title />
        <updated>2016-3-1T3:7:24Z</updated>
        <author>
            <name />
        </author>
        <content type="application/xml">
            <m:properties>
                <d:CarParkID>12</d:CarParkID>
                <d:Area>Orchard</d:Area>
                <d:Development>Mandarin Hotel</d:Development>
                <d:Latitude>1.30216</d:Latitude>
                <d:Longitude>103.83601</d:Longitude>
                <d:Lots>151</d:Lots>
            </m:properties>
        </content>
    </entry>
    <entry>
        <id>http://datamall2.mytransport.sg/ltaodataservice/CarParkAvailability()</id>
        <category term="DataMall2.Models.CarParkAvailability" scheme="http://schemas.microsoft.com/ado/2007/08/dataservices/scheme" />
        <link rel="edit" href="http://datamall2.mytransport.sg/ltaodataservice/CarParkAvailability()" />
        <link rel="self" href="http://datamall2.mytransport.sg/ltaodataservice/CarParkAvailability()" />
        <title />
        <updated>2016-3-1T3:7:24Z</updated>
        <author>
            <name />
        </author>
        <content type="application/xml">
            <m:properties>
                <d:CarParkID>21</d:CarParkID>
                <d:Area>Orchard</d:Area>
                <d:Development>Centrepoint</d:Development>
                <d:Latitude>1.302</d:Latitude>
                <d:Longitude>103.83975</d:Longitude>
                <d:Lots>183</d:Lots>
            </m:properties>
        </content>
    </entry>
    <entry>
        <id>http://datamall2.mytransport.sg/ltaodataservice/CarParkAvailability()</id>
        <category term="DataMall2.Models.CarParkAvailability" scheme="http://schemas.microsoft.com/ado/2007/08/dataservices/scheme" />
        <link rel="edit" href="http://datamall2.mytransport.sg/ltaodataservice/CarParkAvailability()" />
        <link rel="self" href="http://datamall2.mytransport.sg/ltaodataservice/CarParkAvailability()" />
        <title />
        <updated>2016-3-1T3:7:24Z</updated>
        <author>
            <name />
        </author>
        <content type="application/xml">
            <m:properties>
                <d:CarParkID>24</d:CarParkID>
                <d:Area>Orchard</d:Area>
                <d:Development>313@Somerset</d:Development>
                <d:Latitude>1.30084</d:Latitude>
                <d:Longitude>103.83872</d:Longitude>
                <d:Lots>132</d:Lots>
            </m:properties>
        </content>
    </entry>
    <entry>
        <id>http://datamall2.mytransport.sg/ltaodataservice/CarParkAvailability()</id>
        <category term="DataMall2.Models.CarParkAvailability" scheme="http://schemas.microsoft.com/ado/2007/08/dataservices/scheme" />
        <link rel="edit" href="http://datamall2.mytransport.sg/ltaodataservice/CarParkAvailability()" />
        <link rel="self" href="http://datamall2.mytransport.sg/ltaodataservice/CarParkAvailability()" />
        <title />
        <updated>2016-3-1T3:7:24Z</updated>
        <author>
            <name />
        </author>
        <content type="application/xml">
            <m:properties>
                <d:CarParkID>7</d:CarParkID>
                <d:Area>Orchard</d:Area>
                <d:Development>Orchard Point</d:Development>
                <d:Latitude>1.30135</d:Latitude>
                <d:Longitude>103.84061</d:Longitude>
                <d:Lots>178</d:Lots>
            </m:properties>
        </content>
    </entry>
    <entry>
        <id>http://datamall2.mytransport.sg/ltaodataservice/CarParkAvailability()</id>
        <category term="DataMall2.Models.CarParkAvailability" scheme="http://schemas.microsoft.com/ado/2007/08/dataservices/scheme" />
        <link rel="edit" href="http://datamall2.mytransport.sg/ltaodataservice/CarParkAvailability()" />
        <link rel="self" href="http://datamall2.mytransport.sg/ltaodataservice/CarParkAvailability()" />
        <title />
        <updated>2016-3-1T3:7:24Z</updated>
        <author>
            <name />
        </author>
        <content type="application/xml">
            <m:properties>
                <d:CarParkID>22</d:CarParkID>
                <d:Area>Orchard</d:Area>
                <d:Development>Concorde Hotel</d:Development>
                <d:Latitude>1.3006</d:Latitude>
                <d:Longitude>103.84191</d:Longitude>
                <d:Lots>232</d:Lots>
            </m:properties>
        </content>
    </entry>
    <entry>
        <id>http://datamall2.mytransport.sg/ltaodataservice/CarParkAvailability()</id>
        <category term="DataMall2.Models.CarParkAvailability" scheme="http://schemas.microsoft.com/ado/2007/08/dataservices/scheme" />
        <link rel="edit" href="http://datamall2.mytransport.sg/ltaodataservice/CarParkAvailability()" />
        <link rel="self" href="http://datamall2.mytransport.sg/ltaodataservice/CarParkAvailability()" />
        <title />
        <updated>2016-3-1T3:7:24Z</updated>
        <author>
            <name />
        </author>
        <content type="application/xml">
            <m:properties>
                <d:CarParkID>9</d:CarParkID>
                <d:Area>Orchard</d:Area>
                <d:Development>Plaza Singapura</d:Development>
                <d:Latitude>1.30103</d:Latitude>
                <d:Longitude>103.84503</d:Longitude>
                <d:Lots>247</d:Lots>
            </m:properties>
        </content>
    </entry>
    <entry>
        <id>http://datamall2.mytransport.sg/ltaodataservice/CarParkAvailability()</id>
        <category term="DataMall2.Models.CarParkAvailability" scheme="http://schemas.microsoft.com/ado/2007/08/dataservices/scheme" />
        <link rel="edit" href="http://datamall2.mytransport.sg/ltaodataservice/CarParkAvailability()" />
        <link rel="self" href="http://datamall2.mytransport.sg/ltaodataservice/CarParkAvailability()" />
        <title />
        <updated>2016-3-1T3:7:24Z</updated>
        <author>
            <name />
        </author>
        <content type="application/xml">
            <m:properties>
                <d:CarParkID>10</d:CarParkID>
                <d:Area>Orchard</d:Area>
                <d:Development>The Cathay</d:Development>
                <d:Latitude>1.2995</d:Latitude>
                <d:Longitude>103.84762</d:Longitude>
                <d:Lots>91</d:Lots>
            </m:properties>
        </content>
    </entry>
    <entry>
        <id>http://datamall2.mytransport.sg/ltaodataservice/CarParkAvailability()</id>
        <category term="DataMall2.Models.CarParkAvailability" scheme="http://schemas.microsoft.com/ado/2007/08/dataservices/scheme" />
        <link rel="edit" href="http://datamall2.mytransport.sg/ltaodataservice/CarParkAvailability()" />
        <link rel="self" href="http://datamall2.mytransport.sg/ltaodataservice/CarParkAvailability()" />
        <title />
        <updated>2016-3-1T3:7:24Z</updated>
        <author>
            <name />
        </author>
        <content type="application/xml">
            <m:properties>
                <d:CarParkID>23</d:CarParkID>
                <d:Area>Orchard</d:Area>
                <d:Development>ION Orchard</d:Development>
                <d:Latitude>1.30403</d:Latitude>
                <d:Longitude>103.83206</d:Longitude>
                <d:Lots>314</d:Lots>
            </m:properties>
        </content>
    </entry>
    <entry>
        <id>http://datamall2.mytransport.sg/ltaodataservice/CarParkAvailability()</id>
        <category term="DataMall2.Models.CarParkAvailability" scheme="http://schemas.microsoft.com/ado/2007/08/dataservices/scheme" />
        <link rel="edit" href="http://datamall2.mytransport.sg/ltaodataservice/CarParkAvailability()" />
        <link rel="self" href="http://datamall2.mytransport.sg/ltaodataservice/CarParkAvailability()" />
        <title />
        <updated>2016-3-1T3:7:24Z</updated>
        <author>
            <name />
        </author>
        <content type="application/xml">
            <m:properties>
                <d:CarParkID>14</d:CarParkID>
                <d:Area>Orchard</d:Area>
                <d:Development>Wisma Atria</d:Development>
                <d:Latitude>1.30366</d:Latitude>
                <d:Longitude>103.83327</d:Longitude>
                <d:Lots>221</d:Lots>
            </m:properties>
        </content>
    </entry>
    <entry>
        <id>http://datamall2.mytransport.sg/ltaodataservice/CarParkAvailability()</id>
        <category term="DataMall2.Models.CarParkAvailability" scheme="http://schemas.microsoft.com/ado/2007/08/dataservices/scheme" />
        <link rel="edit" href="http://datamall2.mytransport.sg/ltaodataservice/CarParkAvailability()" />
        <link rel="self" href="http://datamall2.mytransport.sg/ltaodataservice/CarParkAvailability()" />
        <title />
        <updated>2016-3-1T3:7:24Z</updated>
        <author>
            <name />
        </author>
        <content type="application/xml">
            <m:properties>
                <d:CarParkID>8</d:CarParkID>
                <d:Area>Orchard</d:Area>
                <d:Development>The Heeren</d:Development>
                <d:Latitude>1.30255</d:Latitude>
                <d:Longitude>103.83739</d:Longitude>
                <d:Lots>118</d:Lots>
            </m:properties>
        </content>
    </entry>
    <entry>
        <id>http://datamall2.mytransport.sg/ltaodataservice/CarParkAvailability()</id>
        <category term="DataMall2.Models.CarParkAvailability" scheme="http://schemas.microsoft.com/ado/2007/08/dataservices/scheme" />
        <link rel="edit" href="http://datamall2.mytransport.sg/ltaodataservice/CarParkAvailability()" />
        <link rel="self" href="http://datamall2.mytransport.sg/ltaodataservice/CarParkAvailability()" />
        <title />
        <updated>2016-3-1T3:7:24Z</updated>
        <author>
            <name />
        </author>
        <content type="application/xml">
            <m:properties>
                <d:CarParkID>26</d:CarParkID>
                <d:Area>Harbfront</d:Area>
                <d:Development>Resorts World Sentosa</d:Development>
                <d:Latitude>1.25667</d:Latitude>
                <d:Longitude>103.82012</d:Longitude>
                <d:Lots>1994</d:Lots>
            </m:properties>
        </content>
    </entry>
    <entry>
        <id>http://datamall2.mytransport.sg/ltaodataservice/CarParkAvailability()</id>
        <category term="DataMall2.Models.CarParkAvailability" scheme="http://schemas.microsoft.com/ado/2007/08/dataservices/scheme" />
        <link rel="edit" href="http://datamall2.mytransport.sg/ltaodataservice/CarParkAvailability()" />
        <link rel="self" href="http://datamall2.mytransport.sg/ltaodataservice/CarParkAvailability()" />
        <title />
        <updated>2016-3-1T3:7:24Z</updated>
        <author>
            <name />
        </author>
        <content type="application/xml">
            <m:properties>
                <d:CarParkID>27</d:CarParkID>
                <d:Area>Orchard</d:Area>
                <d:Development>Orchard Central</d:Development>
                <d:Latitude>1.30072</d:Latitude>
                <d:Longitude>103.83979</d:Longitude>
                <d:Lots>208</d:Lots>
            </m:properties>
        </content>
    </entry>
    <entry>
        <id>http://datamall2.mytransport.sg/ltaodataservice/CarParkAvailability()</id>
        <category term="DataMall2.Models.CarParkAvailability" scheme="http://schemas.microsoft.com/ado/2007/08/dataservices/scheme" />
        <link rel="edit" href="http://datamall2.mytransport.sg/ltaodataservice/CarParkAvailability()" />
        <link rel="self" href="http://datamall2.mytransport.sg/ltaodataservice/CarParkAvailability()" />
        <title />
        <updated>2016-3-1T3:7:24Z</updated>
        <author>
            <name />
        </author>
        <content type="application/xml">
            <m:properties>
                <d:CarParkID>28</d:CarParkID>
                <d:Area>Orchard</d:Area>
                <d:Development>Park Mall</d:Development>
                <d:Latitude>1.29776</d:Latitude>
                <d:Longitude>103.84564</d:Longitude>
                <d:Lots>288</d:Lots>
            </m:properties>
        </content>
    </entry>
    <entry>
        <id>http://datamall2.mytransport.sg/ltaodataservice/CarParkAvailability()</id>
        <category term="DataMall2.Models.CarParkAvailability" scheme="http://schemas.microsoft.com/ado/2007/08/dataservices/scheme" />
        <link rel="edit" href="http://datamall2.mytransport.sg/ltaodataservice/CarParkAvailability()" />
        <link rel="self" href="http://datamall2.mytransport.sg/ltaodataservice/CarParkAvailability()" />
        <title />
        <updated>2016-3-1T3:7:24Z</updated>
        <author>
            <name />
        </author>
        <content type="application/xml">
            <m:properties>
                <d:CarParkID>43</d:CarParkID>
                <d:Area>JurongLakeDistrict</d:Area>
                <d:Development>Westgate</d:Development>
                <d:Latitude>1.3343</d:Latitude>
                <d:Longitude>103.74282</d:Longitude>
                <d:Lots>339</d:Lots>
            </m:properties>
        </content>
    </entry>
    <entry>
        <id>http://datamall2.mytransport.sg/ltaodataservice/CarParkAvailability()</id>
        <category term="DataMall2.Models.CarParkAvailability" scheme="http://schemas.microsoft.com/ado/2007/08/dataservices/scheme" />
        <link rel="edit" href="http://datamall2.mytransport.sg/ltaodataservice/CarParkAvailability()" />
        <link rel="self" href="http://datamall2.mytransport.sg/ltaodataservice/CarParkAvailability()" />
        <title />
        <updated>2016-3-1T3:7:24Z</updated>
        <author>
            <name />
        </author>
        <content type="application/xml">
            <m:properties>
                <d:CarParkID>51</d:CarParkID>
                <d:Area>Orchard</d:Area>
                <d:Development>Holiday Inn</d:Development>
                <d:Latitude>1.30228007106279</d:Latitude>
                <d:Longitude>103.841129960081</d:Longitude>
                <d:Lots>150</d:Lots>
            </m:properties>
        </content>
    </entry>
    <entry>
        <id>http://datamall2.mytransport.sg/ltaodataservice/CarParkAvailability()</id>
        <category term="DataMall2.Models.CarParkAvailability" scheme="http://schemas.microsoft.com/ado/2007/08/dataservices/scheme" />
        <link rel="edit" href="http://datamall2.mytransport.sg/ltaodataservice/CarParkAvailability()" />
        <link rel="self" href="http://datamall2.mytransport.sg/ltaodataservice/CarParkAvailability()" />
        <title />
        <updated>2016-3-1T3:7:24Z</updated>
        <author>
            <name />
        </author>
        <content type="application/xml">
            <m:properties>
                <d:CarParkID>53</d:CarParkID>
                <d:Area>JurongLakeDistrict</d:Area>
                <d:Development>IMM Building</d:Development>
                <d:Latitude>1.334847</d:Latitude>
                <d:Longitude>103.746815</d:Longitude>
                <d:Lots>546</d:Lots>
            </m:properties>
        </content>
    </entry>
    <entry>
        <id>http://datamall2.mytransport.sg/ltaodataservice/CarParkAvailability()</id>
        <category term="DataMall2.Models.CarParkAvailability" scheme="http://schemas.microsoft.com/ado/2007/08/dataservices/scheme" />
        <link rel="edit" href="http://datamall2.mytransport.sg/ltaodataservice/CarParkAvailability()" />
        <link rel="self" href="http://datamall2.mytransport.sg/ltaodataservice/CarParkAvailability()" />
        <title />
        <updated>2016-3-1T3:7:24Z</updated>
        <author>
            <name />
        </author>
        <content type="application/xml">
            <m:properties>
                <d:CarParkID>54</d:CarParkID>
                <d:Area>JurongLakeDistrict</d:Area>
                <d:Development>JCube</d:Development>
                <d:Latitude>1.33341</d:Latitude>
                <d:Longitude>103.740088</d:Longitude>
                <d:Lots>246</d:Lots>
            </m:properties>
        </content>
    </entry>
    <entry>
        <id>http://datamall2.mytransport.sg/ltaodataservice/CarParkAvailability()</id>
        <category term="DataMall2.Models.CarParkAvailability" scheme="http://schemas.microsoft.com/ado/2007/08/dataservices/scheme" />
        <link rel="edit" href="http://datamall2.mytransport.sg/ltaodataservice/CarParkAvailability()" />
        <link rel="self" href="http://datamall2.mytransport.sg/ltaodataservice/CarParkAvailability()" />
        <title />
        <updated>2016-3-1T3:7:24Z</updated>
        <author>
            <name />
        </author>
        <content type="application/xml">
            <m:properties>
                <d:CarParkID>55</d:CarParkID>
                <d:Area>Orchard</d:Area>
                <d:Development>Paragon</d:Development>
                <d:Latitude>1.3038</d:Latitude>
                <d:Longitude>103.83585</d:Longitude>
                <d:Lots>7</d:Lots>
            </m:properties>
        </content>
    </entry>
    <entry>
        <id>http://datamall2.mytransport.sg/ltaodataservice/CarParkAvailability()</id>
        <category term="DataMall2.Models.CarParkAvailability" scheme="http://schemas.microsoft.com/ado/2007/08/dataservices/scheme" />
        <link rel="edit" href="http://datamall2.mytransport.sg/ltaodataservice/CarParkAvailability()" />
        <link rel="self" href="http://datamall2.mytransport.sg/ltaodataservice/CarParkAvailability()" />
        <title />
        <updated>2016-3-1T3:7:24Z</updated>
        <author>
            <name />
        </author>
        <content type="application/xml">
            <m:properties>
                <d:CarParkID>56</d:CarParkID>
                <d:Area>Marina</d:Area>
                <d:Development>National Gallery</d:Development>
                <d:Latitude>1.29027</d:Latitude>
                <d:Longitude>103.85167</d:Longitude>
                <d:Lots>180</d:Lots>
            </m:properties>
        </content>
    </entry>
</feed>