<feed xmlns="http://www.w3.org/2005/Atom" xmlns:d="http://schemas.microsoft.com/ado/2007/08/dataservices" xmlns:m="http://schemas.microsoft.com/ado/2007/08/dataservices/metadata" xmlns:georss="http://www.georss.org/georss" xmlns:gml="http://www.opengis.net/gml" xml:base="http://datamall2.mytransport.sg/ltaodataservice">
    <id>http://schemas.datacontract.org/2004/07/</id>
    <title />
    <updated>2016-3-1T3:5:18Z</updated>
    <link rel="self" href="http://datamall2.mytransport.sg/ltaodataservice/RoadWorks" />
    <entry>
        <id>http://datamall2.mytransport.sg/ltaodataservice/RoadWorks()</id>
        <category term="DataMall2.Models.RoadWorks" scheme="http://schemas.microsoft.com/ado/2007/08/dataservices/scheme" />
        <link rel="edit" href="http://datamall2.mytransport.sg/ltaodataservice/RoadWorks()" />
        <link rel="self" href="http://datamall2.mytransport.sg/ltaodataservice/RoadWorks()" />
        <title />
        <updated>2016-3-1T3:5:18Z</updated>
        <author>
            <name />
        </author>
        <content type="application/xml">
            <m:properties>
                <d:EventID>RMAPP-201511-0147</d:EventID>
                <d:StartDate>2015-11-11</d:StartDate>
                <d:EndDate>2016-04-11</d:EndDate>
                <d:SvcDept>STARHUB LTD - TS</d:SvcDept>
                <d:RoadName>ABINGDON ROAD</d:RoadName>
                <d:Other>For details, please call 68256312</d:Other>
            </m:properties>
        </content>
    </entry>
    <entry>
        <id>http://datamall2.mytransport.sg/ltaodataservice/RoadWorks()</id>
        <category term="DataMall2.Models.RoadWorks" scheme="http://schemas.microsoft.com/ado/2007/08/dataservices/scheme" />
        <link rel="edit" href="http://datamall2.mytransport.sg/ltaodataservice/RoadWorks()" />
        <link rel="self" href="http://datamall2.mytransport.sg/ltaodataservice/RoadWorks()" />
        <title />
        <updated>2016-3-1T3:5:18Z</updated>
        <author>
            <name />
        </author>
        <content type="application/xml">
            <m:properties>
                <d:EventID>RMAPP-201512-0217</d:EventID>
                <d:StartDate>2015-12-14</d:StartDate>
                <d:EndDate>2016-07-31</d:EndDate>
                <d:SvcDept>SP POWERGRID LTD - REGIONAL NETWORK CENTRAL</d:SvcDept>
                <d:RoadName>ADAM DRIVE</d:RoadName>
                <d:Other>For details, please call 67273085</d:Other>
            </m:properties>
        </content>
    </entry>
    <entry>
        <id>http://datamall2.mytransport.sg/ltaodataservice/RoadWorks()</id>
        <category term="DataMall2.Models.RoadWorks" scheme="http://schemas.microsoft.com/ado/2007/08/dataservices/scheme" />
        <link rel="edit" href="http://datamall2.mytransport.sg/ltaodataservice/RoadWorks()" />
        <link rel="self" href="http://datamall2.mytransport.sg/ltaodataservice/RoadWorks()" />
        <title />
        <updated>2016-3-1T3:5:18Z</updated>
        <author>
            <name />
        </author>
        <content type="application/xml">
            <m:properties>
                <d:EventID>RMAPP-201501-0752</d:EventID>
                <d:StartDate>2015-01-28</d:StartDate>
                <d:EndDate>2016-12-31</d:EndDate>
                <d:SvcDept>SP POWERGRID LTD - GAS DIVISION</d:SvcDept>
                <d:RoadName>ADAM DRIVE</d:RoadName>
                <d:Other>For details, please call 65955128</d:Other>
            </m:properties>
        </content>
    </entry>
    <entry>
        <id>http://datamall2.mytransport.sg/ltaodataservice/RoadWorks()</id>
        <category term="DataMall2.Models.RoadWorks" scheme="http://schemas.microsoft.com/ado/2007/08/dataservices/scheme" />
        <link rel="edit" href="http://datamall2.mytransport.sg/ltaodataservice/RoadWorks()" />
        <link rel="self" href="http://datamall2.mytransport.sg/ltaodataservice/RoadWorks()" />
        <title />
        <updated>2016-3-1T3:5:18Z</updated>
        <author>
            <name />
        </author>
        <content type="application/xml">
            <m:properties>
                <d:EventID>RMAPP-201603-0726</d:EventID>
                <d:StartDate>2016-03-28</d:StartDate>
                <d:EndDate>2017-03-31</d:EndDate>
                <d:SvcDept>SP POWERGRID LTD - GAS DIVISION</d:SvcDept>
                <d:RoadName>ADAM ROAD</d:RoadName>
                <d:Other>For details, please call 65955044</d:Other>
            </m:properties>
        </content>
    </entry>
    <entry>
        <id>http://datamall2.mytransport.sg/ltaodataservice/RoadWorks()</id>
        <category term="DataMall2.Models.RoadWorks" scheme="http://schemas.microsoft.com/ado/2007/08/dataservices/scheme" />
        <link rel="edit" href="http://datamall2.mytransport.sg/ltaodataservice/RoadWorks()" />
        <link rel="self" href="http://datamall2.mytransport.sg/ltaodataservice/RoadWorks()" />
        <title />
        <updated>2016-3-1T3:5:18Z</updated>
        <author>
            <name />
        </author>
        <content type="application/xml">
            <m:properties>
                <d:EventID>RMAPP-201601-0861</d:EventID>
                <d:StartDate>2016-01-29</d:StartDate>
                <d:EndDate>2016-05-06</d:EndDate>
                <d:SvcDept>PRIVATE</d:SvcDept>
                <d:RoadName>ADAM ROAD</d:RoadName>
                <d:Other>For details, please call 65324262</d:Other>
            </m:properties>
        </content>
    </entry>
    <entry>
        <id>http://datamall2.mytransport.sg/ltaodataservice/RoadWorks()</id>
        <category term="DataMall2.Models.RoadWorks" scheme="http://schemas.microsoft.com/ado/2007/08/dataservices/scheme" />
        <link rel="edit" href="http://datamall2.mytransport.sg/ltaodataservice/RoadWorks()" />
        <link rel="self" href="http://datamall2.mytransport.sg/ltaodataservice/RoadWorks()" />
        <title />
        <updated>2016-3-1T3:5:18Z</updated>
        <author>
            <name />
        </author>
        <content type="application/xml">
            <m:properties>
                <d:EventID>RMAPP-201512-0217</d:EventID>
                <d:StartDate>2015-12-14</d:StartDate>
                <d:EndDate>2016-07-31</d:EndDate>
                <d:SvcDept>SP POWERGRID LTD - REGIONAL NETWORK CENTRAL</d:SvcDept>
                <d:RoadName>ADAM ROAD</d:RoadName>
                <d:Other>For details, please call 67273085</d:Other>
            </m:properties>
        </content>
    </entry>
    <entry>
        <id>http://datamall2.mytransport.sg/ltaodataservice/RoadWorks()</id>
        <category term="DataMall2.Models.RoadWorks" scheme="http://schemas.microsoft.com/ado/2007/08/dataservices/scheme" />
        <link rel="edit" href="http://datamall2.mytransport.sg/ltaodataservice/RoadWorks()" />
        <link rel="self" href="http://datamall2.mytransport.sg/ltaodataservice/RoadWorks()" />
        <title />
        <updated>2016-3-1T3:5:18Z</updated>
        <author>
            <name />
        </author>
        <content type="application/xml">
            <m:properties>
                <d:EventID>RMAPP-201507-0222</d:EventID>
                <d:StartDate>2015-08-11</d:StartDate>
                <d:EndDate>2016-07-31</d:EndDate>
                <d:SvcDept>PUB - (WSN DEPT) - NETWORK DESIGN AND CONSTRUCTION</d:SvcDept>
                <d:RoadName>ADAM ROAD</d:RoadName>
                <d:Other>For details, please call 65172367</d:Other>
            </m:properties>
        </content>
    </entry>
    <entry>
        <id>http://datamall2.mytransport.sg/ltaodataservice/RoadWorks()</id>
        <category term="DataMall2.Models.RoadWorks" scheme="http://schemas.microsoft.com/ado/2007/08/dataservices/scheme" />
        <link rel="edit" href="http://datamall2.mytransport.sg/ltaodataservice/RoadWorks()" />
        <link rel="self" href="http://datamall2.mytransport.sg/ltaodataservice/RoadWorks()" />
        <title />
        <updated>2016-3-1T3:5:18Z</updated>
        <author>
            <name />
        </author>
        <content type="application/xml">
            <m:properties>
                <d:EventID>RMAPP-201503-0676</d:EventID>
                <d:StartDate>2015-03-23</d:StartDate>
                <d:EndDate>2016-12-31</d:EndDate>
                <d:SvcDept>SP POWERGRID LTD - GAS DIVISION</d:SvcDept>
                <d:RoadName>ADAM ROAD</d:RoadName>
                <d:Other>For details, please call 65955038</d:Other>
            </m:properties>
        </content>
    </entry>
    <entry>
        <id>http://datamall2.mytransport.sg/ltaodataservice/RoadWorks()</id>
        <category term="DataMall2.Models.RoadWorks" scheme="http://schemas.microsoft.com/ado/2007/08/dataservices/scheme" />
        <link rel="edit" href="http://datamall2.mytransport.sg/ltaodataservice/RoadWorks()" />
        <link rel="self" href="http://datamall2.mytransport.sg/ltaodataservice/RoadWorks()" />
        <title />
        <updated>2016-3-1T3:5:18Z</updated>
        <author>
            <name />
        </author>
        <content type="application/xml">
            <m:properties>
                <d:EventID>RMAPP-201501-0752</d:EventID>
                <d:StartDate>2015-01-28</d:StartDate>
                <d:EndDate>2016-12-31</d:EndDate>
                <d:SvcDept>SP POWERGRID LTD - GAS DIVISION</d:SvcDept>
                <d:RoadName>ADAM ROAD</d:RoadName>
                <d:Other>For details, please call 65955128</d:Other>
            </m:properties>
        </content>
    </entry>
    <entry>
        <id>http://datamall2.mytransport.sg/ltaodataservice/RoadWorks()</id>
        <category term="DataMall2.Models.RoadWorks" scheme="http://schemas.microsoft.com/ado/2007/08/dataservices/scheme" />
        <link rel="edit" href="http://datamall2.mytransport.sg/ltaodataservice/RoadWorks()" />
        <link rel="self" href="http://datamall2.mytransport.sg/ltaodataservice/RoadWorks()" />
        <title />
        <updated>2016-3-1T3:5:18Z</updated>
        <author>
            <name />
        </author>
        <content type="application/xml">
            <m:properties>
                <d:EventID>RMAPP-201412-0697</d:EventID>
                <d:StartDate>2015-01-05</d:StartDate>
                <d:EndDate>2016-11-30</d:EndDate>
                <d:SvcDept>PUB - WATER RECLAMATION (NETWORK) DEPT</d:SvcDept>
                <d:RoadName>ADAM ROAD</d:RoadName>
                <d:Other>For details, please call 67313307</d:Other>
            </m:properties>
        </content>
    </entry>
    <entry>
        <id>http://datamall2.mytransport.sg/ltaodataservice/RoadWorks()</id>
        <category term="DataMall2.Models.RoadWorks" scheme="http://schemas.microsoft.com/ado/2007/08/dataservices/scheme" />
        <link rel="edit" href="http://datamall2.mytransport.sg/ltaodataservice/RoadWorks()" />
        <link rel="self" href="http://datamall2.mytransport.sg/ltaodataservice/RoadWorks()" />
        <title />
        <updated>2016-3-1T3:5:18Z</updated>
        <author>
            <name />
        </author>
        <content type="application/xml">
            <m:properties>
                <d:EventID>RMAPP-201506-0418</d:EventID>
                <d:StartDate>2015-06-15</d:StartDate>
                <d:EndDate>2016-09-05</d:EndDate>
                <d:SvcDept>PRIVATE</d:SvcDept>
                <d:RoadName>ADIS ROAD</d:RoadName>
                <d:Other>For details, please call 63482501</d:Other>
            </m:properties>
        </content>
    </entry>
    <entry>
        <id>http://datamall2.mytransport.sg/ltaodataservice/RoadWorks()</id>
        <category term="DataMall2.Models.RoadWorks" scheme="http://schemas.microsoft.com/ado/2007/08/dataservices/scheme" />
        <link rel="edit" href="http://datamall2.mytransport.sg/ltaodataservice/RoadWorks()" />
        <link rel="self" href="http://datamall2.mytransport.sg/ltaodataservice/RoadWorks()" />
        <title />
        <updated>2016-3-1T3:5:18Z</updated>
        <author>
            <name />
        </author>
        <content type="application/xml">
            <m:properties>
                <d:EventID>RMAPP-201408-0677</d:EventID>
                <d:StartDate>2014-08-22</d:StartDate>
                <d:EndDate>2018-02-01</d:EndDate>
                <d:SvcDept>PRIVATE</d:SvcDept>
                <d:RoadName>ADIS ROAD</d:RoadName>
                <d:Other>For details, please call 65095505</d:Other>
            </m:properties>
        </content>
    </entry>
    <entry>
        <id>http://datamall2.mytransport.sg/ltaodataservice/RoadWorks()</id>
        <category term="DataMall2.Models.RoadWorks" scheme="http://schemas.microsoft.com/ado/2007/08/dataservices/scheme" />
        <link rel="edit" href="http://datamall2.mytransport.sg/ltaodataservice/RoadWorks()" />
        <link rel="self" href="http://datamall2.mytransport.sg/ltaodataservice/RoadWorks()" />
        <title />
        <updated>2016-3-1T3:5:18Z</updated>
        <author>
            <name />
        </author>
        <content type="application/xml">
            <m:properties>
                <d:EventID>RMAPP-201502-0544</d:EventID>
                <d:StartDate>2015-02-23</d:StartDate>
                <d:EndDate>2017-06-30</d:EndDate>
                <d:SvcDept>HDB</d:SvcDept>
                <d:RoadName>ADMIRALTY DRIVE</d:RoadName>
                <d:Other>For details, please call 64713033</d:Other>
            </m:properties>
        </content>
    </entry>
    <entry>
        <id>http://datamall2.mytransport.sg/ltaodataservice/RoadWorks()</id>
        <category term="DataMall2.Models.RoadWorks" scheme="http://schemas.microsoft.com/ado/2007/08/dataservices/scheme" />
        <link rel="edit" href="http://datamall2.mytransport.sg/ltaodataservice/RoadWorks()" />
        <link rel="self" href="http://datamall2.mytransport.sg/ltaodataservice/RoadWorks()" />
        <title />
        <updated>2016-3-1T3:5:18Z</updated>
        <author>
            <name />
        </author>
        <content type="application/xml">
            <m:properties>
                <d:EventID>RMAPP-201504-0778</d:EventID>
                <d:StartDate>2015-04-30</d:StartDate>
                <d:EndDate>2017-01-31</d:EndDate>
                <d:SvcDept>SP POWERGRID LTD - DISTRIBUTION PROJ</d:SvcDept>
                <d:RoadName>ADMIRALTY LANE</d:RoadName>
                <d:Other>For details, please call 65939143</d:Other>
            </m:properties>
        </content>
    </entry>
    <entry>
        <id>http://datamall2.mytransport.sg/ltaodataservice/RoadWorks()</id>
        <category term="DataMall2.Models.RoadWorks" scheme="http://schemas.microsoft.com/ado/2007/08/dataservices/scheme" />
        <link rel="edit" href="http://datamall2.mytransport.sg/ltaodataservice/RoadWorks()" />
        <link rel="self" href="http://datamall2.mytransport.sg/ltaodataservice/RoadWorks()" />
        <title />
        <updated>2016-3-1T3:5:18Z</updated>
        <author>
            <name />
        </author>
        <content type="application/xml">
            <m:properties>
                <d:EventID>RMAPP-201502-0544</d:EventID>
                <d:StartDate>2015-02-23</d:StartDate>
                <d:EndDate>2017-06-30</d:EndDate>
                <d:SvcDept>HDB</d:SvcDept>
                <d:RoadName>ADMIRALTY LINK</d:RoadName>
                <d:Other>For details, please call 64713033</d:Other>
            </m:properties>
        </content>
    </entry>
    <entry>
        <id>http://datamall2.mytransport.sg/ltaodataservice/RoadWorks()</id>
        <category term="DataMall2.Models.RoadWorks" scheme="http://schemas.microsoft.com/ado/2007/08/dataservices/scheme" />
        <link rel="edit" href="http://datamall2.mytransport.sg/ltaodataservice/RoadWorks()" />
        <link rel="self" href="http://datamall2.mytransport.sg/ltaodataservice/RoadWorks()" />
        <title />
        <updated>2016-3-1T3:5:18Z</updated>
        <author>
            <name />
        </author>
        <content type="application/xml">
            <m:properties>
                <d:EventID>RMAPP-201602-0467</d:EventID>
                <d:StartDate>2016-02-25</d:StartDate>
                <d:EndDate>2016-07-25</d:EndDate>
                <d:SvcDept>STARHUB LTD - TS</d:SvcDept>
                <d:RoadName>ADMIRALTY ROAD</d:RoadName>
                <d:Other>For details, please call 68256436</d:Other>
            </m:properties>
        </content>
    </entry>
    <entry>
        <id>http://datamall2.mytransport.sg/ltaodataservice/RoadWorks()</id>
        <category term="DataMall2.Models.RoadWorks" scheme="http://schemas.microsoft.com/ado/2007/08/dataservices/scheme" />
        <link rel="edit" href="http://datamall2.mytransport.sg/ltaodataservice/RoadWorks()" />
        <link rel="self" href="http://datamall2.mytransport.sg/ltaodataservice/RoadWorks()" />
        <title />
        <updated>2016-3-1T3:5:18Z</updated>
        <author>
            <name />
        </author>
        <content type="application/xml">
            <m:properties>
                <d:EventID>RMAPP-201601-0605</d:EventID>
                <d:StartDate>2016-01-25</d:StartDate>
                <d:EndDate>2016-04-11</d:EndDate>
                <d:SvcDept>PRIVATE</d:SvcDept>
                <d:RoadName>ADMIRALTY ROAD</d:RoadName>
                <d:Other>For details, please call 65324262</d:Other>
            </m:properties>
        </content>
    </entry>
    <entry>
        <id>http://datamall2.mytransport.sg/ltaodataservice/RoadWorks()</id>
        <category term="DataMall2.Models.RoadWorks" scheme="http://schemas.microsoft.com/ado/2007/08/dataservices/scheme" />
        <link rel="edit" href="http://datamall2.mytransport.sg/ltaodataservice/RoadWorks()" />
        <link rel="self" href="http://datamall2.mytransport.sg/ltaodataservice/RoadWorks()" />
        <title />
        <updated>2016-3-1T3:5:18Z</updated>
        <author>
            <name />
        </author>
        <content type="application/xml">
            <m:properties>
                <d:EventID>RMAPP-201601-0304</d:EventID>
                <d:StartDate>2016-01-25</d:StartDate>
                <d:EndDate>2016-04-11</d:EndDate>
                <d:SvcDept>PRIVATE</d:SvcDept>
                <d:RoadName>ADMIRALTY ROAD</d:RoadName>
                <d:Other>For details, please call 65324262</d:Other>
            </m:properties>
        </content>
    </entry>
    <entry>
        <id>http://datamall2.mytransport.sg/ltaodataservice/RoadWorks()</id>
        <category term="DataMall2.Models.RoadWorks" scheme="http://schemas.microsoft.com/ado/2007/08/dataservices/scheme" />
        <link rel="edit" href="http://datamall2.mytransport.sg/ltaodataservice/RoadWorks()" />
        <link rel="self" href="http://datamall2.mytransport.sg/ltaodataservice/RoadWorks()" />
        <title />
        <updated>2016-3-1T3:5:18Z</updated>
        <author>
            <name />
        </author>
        <content type="application/xml">
            <m:properties>
                <d:EventID>RMAPP-201511-0668</d:EventID>
                <d:StartDate>2015-11-23</d:StartDate>
                <d:EndDate>2016-04-30</d:EndDate>
                <d:SvcDept>SP POWERGRID LTD - EHV NETWORK</d:SvcDept>
                <d:RoadName>ADMIRALTY ROAD</d:RoadName>
                <d:Other>For details, please call 67272575</d:Other>
            </m:properties>
        </content>
    </entry>
    <entry>
        <id>http://datamall2.mytransport.sg/ltaodataservice/RoadWorks()</id>
        <category term="DataMall2.Models.RoadWorks" scheme="http://schemas.microsoft.com/ado/2007/08/dataservices/scheme" />
        <link rel="edit" href="http://datamall2.mytransport.sg/ltaodataservice/RoadWorks()" />
        <link rel="self" href="http://datamall2.mytransport.sg/ltaodataservice/RoadWorks()" />
        <title />
        <updated>2016-3-1T3:5:18Z</updated>
        <author>
            <name />
        </author>
        <content type="application/xml">
            <m:properties>
                <d:EventID>RMAPP-201511-0098</d:EventID>
                <d:StartDate>2015-11-16</d:StartDate>
                <d:EndDate>2016-04-30</d:EndDate>
                <d:SvcDept>SP POWERGRID LTD - EHV NETWORK</d:SvcDept>
                <d:RoadName>ADMIRALTY ROAD</d:RoadName>
                <d:Other>For details, please call 67272575</d:Other>
            </m:properties>
        </content>
    </entry>
    <entry>
        <id>http://datamall2.mytransport.sg/ltaodataservice/RoadWorks()</id>
        <category term="DataMall2.Models.RoadWorks" scheme="http://schemas.microsoft.com/ado/2007/08/dataservices/scheme" />
        <link rel="edit" href="http://datamall2.mytransport.sg/ltaodataservice/RoadWorks()" />
        <link rel="self" href="http://datamall2.mytransport.sg/ltaodataservice/RoadWorks()" />
        <title />
        <updated>2016-3-1T3:5:18Z</updated>
        <author>
            <name />
        </author>
        <content type="application/xml">
            <m:properties>
                <d:EventID>RMAPP-201412-0716</d:EventID>
                <d:StartDate>2015-01-05</d:StartDate>
                <d:EndDate>2016-11-30</d:EndDate>
                <d:SvcDept>PUB - WATER RECLAMATION (NETWORK) DEPT</d:SvcDept>
                <d:RoadName>ADMIRALTY ROAD</d:RoadName>
                <d:Other>For details, please call 67313307</d:Other>
            </m:properties>
        </content>
    </entry>
    <entry>
        <id>http://datamall2.mytransport.sg/ltaodataservice/RoadWorks()</id>
        <category term="DataMall2.Models.RoadWorks" scheme="http://schemas.microsoft.com/ado/2007/08/dataservices/scheme" />
        <link rel="edit" href="http://datamall2.mytransport.sg/ltaodataservice/RoadWorks()" />
        <link rel="self" href="http://datamall2.mytransport.sg/ltaodataservice/RoadWorks()" />
        <title />
        <updated>2016-3-1T3:5:18Z</updated>
        <author>
            <name />
        </author>
        <content type="application/xml">
            <m:properties>
                <d:EventID>RMAPP-201209-0536</d:EventID>
                <d:StartDate>2012-10-29</d:StartDate>
                <d:EndDate>2017-10-28</d:EndDate>
                <d:SvcDept>PRIVATE</d:SvcDept>
                <d:RoadName>ADMIRALTY ROAD</d:RoadName>
                <d:Other>For details, please call 62900640</d:Other>
            </m:properties>
        </content>
    </entry>
    <entry>
        <id>http://datamall2.mytransport.sg/ltaodataservice/RoadWorks()</id>
        <category term="DataMall2.Models.RoadWorks" scheme="http://schemas.microsoft.com/ado/2007/08/dataservices/scheme" />
        <link rel="edit" href="http://datamall2.mytransport.sg/ltaodataservice/RoadWorks()" />
        <link rel="self" href="http://datamall2.mytransport.sg/ltaodataservice/RoadWorks()" />
        <title />
        <updated>2016-3-1T3:5:18Z</updated>
        <author>
            <name />
        </author>
        <content type="application/xml">
            <m:properties>
                <d:EventID>RMAPP-201209-0536</d:EventID>
                <d:StartDate>2012-10-29</d:StartDate>
                <d:EndDate>2017-10-28</d:EndDate>
                <d:SvcDept>PRIVATE</d:SvcDept>
                <d:RoadName>ADMIRALTY ROAD</d:RoadName>
                <d:Other>For details, please call 62900640</d:Other>
            </m:properties>
        </content>
    </entry>
    <entry>
        <id>http://datamall2.mytransport.sg/ltaodataservice/RoadWorks()</id>
        <category term="DataMall2.Models.RoadWorks" scheme="http://schemas.microsoft.com/ado/2007/08/dataservices/scheme" />
        <link rel="edit" href="http://datamall2.mytransport.sg/ltaodataservice/RoadWorks()" />
        <link rel="self" href="http://datamall2.mytransport.sg/ltaodataservice/RoadWorks()" />
        <title />
        <updated>2016-3-1T3:5:18Z</updated>
        <author>
            <name />
        </author>
        <content type="application/xml">
            <m:properties>
                <d:EventID>RMAPP-201210-0830</d:EventID>
                <d:StartDate>2012-11-19</d:StartDate>
                <d:EndDate>2017-11-18</d:EndDate>
                <d:SvcDept>PRIVATE</d:SvcDept>
                <d:RoadName>ADMIRALTY ROAD EAST</d:RoadName>
                <d:Other>For details, please call 62900640</d:Other>
            </m:properties>
        </content>
    </entry>
    <entry>
        <id>http://datamall2.mytransport.sg/ltaodataservice/RoadWorks()</id>
        <category term="DataMall2.Models.RoadWorks" scheme="http://schemas.microsoft.com/ado/2007/08/dataservices/scheme" />
        <link rel="edit" href="http://datamall2.mytransport.sg/ltaodataservice/RoadWorks()" />
        <link rel="self" href="http://datamall2.mytransport.sg/ltaodataservice/RoadWorks()" />
        <title />
        <updated>2016-3-1T3:5:18Z</updated>
        <author>
            <name />
        </author>
        <content type="application/xml">
            <m:properties>
                <d:EventID>RMAPP-201210-0830</d:EventID>
                <d:StartDate>2012-11-19</d:StartDate>
                <d:EndDate>2017-11-18</d:EndDate>
                <d:SvcDept>PRIVATE</d:SvcDept>
                <d:RoadName>ADMIRALTY ROAD EAST</d:RoadName>
                <d:Other>For details, please call 62900640</d:Other>
            </m:properties>
        </content>
    </entry>
    <entry>
        <id>http://datamall2.mytransport.sg/ltaodataservice/RoadWorks()</id>
        <category term="DataMall2.Models.RoadWorks" scheme="http://schemas.microsoft.com/ado/2007/08/dataservices/scheme" />
        <link rel="edit" href="http://datamall2.mytransport.sg/ltaodataservice/RoadWorks()" />
        <link rel="self" href="http://datamall2.mytransport.sg/ltaodataservice/RoadWorks()" />
        <title />
        <updated>2016-3-1T3:5:18Z</updated>
        <author>
            <name />
        </author>
        <content type="application/xml">
            <m:properties>
                <d:EventID>RMAPP-201603-0331</d:EventID>
                <d:StartDate>2016-03-15</d:StartDate>
                <d:EndDate>2016-05-31</d:EndDate>
                <d:SvcDept>PUB - (WSN DEPT) - NETWORK SERVICES</d:SvcDept>
                <d:RoadName>ADMIRALTY ROAD WEST</d:RoadName>
                <d:Other>For details, please call 63809832</d:Other>
            </m:properties>
        </content>
    </entry>
    <entry>
        <id>http://datamall2.mytransport.sg/ltaodataservice/RoadWorks()</id>
        <category term="DataMall2.Models.RoadWorks" scheme="http://schemas.microsoft.com/ado/2007/08/dataservices/scheme" />
        <link rel="edit" href="http://datamall2.mytransport.sg/ltaodataservice/RoadWorks()" />
        <link rel="self" href="http://datamall2.mytransport.sg/ltaodataservice/RoadWorks()" />
        <title />
        <updated>2016-3-1T3:5:18Z</updated>
        <author>
            <name />
        </author>
        <content type="application/xml">
            <m:properties>
                <d:EventID>RMAPP-201603-0208</d:EventID>
                <d:StartDate>2016-03-08</d:StartDate>
                <d:EndDate>2016-12-17</d:EndDate>
                <d:SvcDept>PRIVATE</d:SvcDept>
                <d:RoadName>ADMIRALTY ROAD WEST</d:RoadName>
                <d:Other>For details, please call 66844863</d:Other>
            </m:properties>
        </content>
    </entry>
    <entry>
        <id>http://datamall2.mytransport.sg/ltaodataservice/RoadWorks()</id>
        <category term="DataMall2.Models.RoadWorks" scheme="http://schemas.microsoft.com/ado/2007/08/dataservices/scheme" />
        <link rel="edit" href="http://datamall2.mytransport.sg/ltaodataservice/RoadWorks()" />
        <link rel="self" href="http://datamall2.mytransport.sg/ltaodataservice/RoadWorks()" />
        <title />
        <updated>2016-3-1T3:5:18Z</updated>
        <author>
            <name />
        </author>
        <content type="application/xml">
            <m:properties>
                <d:EventID>RMAPP-201602-0532</d:EventID>
                <d:StartDate>2016-03-07</d:StartDate>
                <d:EndDate>2016-04-15</d:EndDate>
                <d:SvcDept>PRIVATE</d:SvcDept>
                <d:RoadName>ADMIRALTY ROAD WEST</d:RoadName>
                <d:Other>For details, please call 63362326</d:Other>
            </m:properties>
        </content>
    </entry>
    <entry>
        <id>http://datamall2.mytransport.sg/ltaodataservice/RoadWorks()</id>
        <category term="DataMall2.Models.RoadWorks" scheme="http://schemas.microsoft.com/ado/2007/08/dataservices/scheme" />
        <link rel="edit" href="http://datamall2.mytransport.sg/ltaodataservice/RoadWorks()" />
        <link rel="self" href="http://datamall2.mytransport.sg/ltaodataservice/RoadWorks()" />
        <title />
        <updated>2016-3-1T3:5:18Z</updated>
        <author>
            <name />
        </author>
        <content type="application/xml">
            <m:properties>
                <d:EventID>RMAPP-201602-0324</d:EventID>
                <d:StartDate>2016-02-19</d:StartDate>
                <d:EndDate>2016-05-19</d:EndDate>
                <d:SvcDept>SP POWERGRID LTD - REGIONAL NETWORK NORTH</d:SvcDept>
                <d:RoadName>ADMIRALTY ROAD WEST</d:RoadName>
                <d:Other>For details, please call 63146172</d:Other>
            </m:properties>
        </content>
    </entry>
    <entry>
        <id>http://datamall2.mytransport.sg/ltaodataservice/RoadWorks()</id>
        <category term="DataMall2.Models.RoadWorks" scheme="http://schemas.microsoft.com/ado/2007/08/dataservices/scheme" />
        <link rel="edit" href="http://datamall2.mytransport.sg/ltaodataservice/RoadWorks()" />
        <link rel="self" href="http://datamall2.mytransport.sg/ltaodataservice/RoadWorks()" />
        <title />
        <updated>2016-3-1T3:5:18Z</updated>
        <author>
            <name />
        </author>
        <content type="application/xml">
            <m:properties>
                <d:EventID>RMAPP-201602-0457</d:EventID>
                <d:StartDate>2016-02-19</d:StartDate>
                <d:EndDate>2016-05-15</d:EndDate>
                <d:SvcDept>SINGAPORE TELECOM MOBILE PTE LTD</d:SvcDept>
                <d:RoadName>ADMIRALTY ROAD WEST</d:RoadName>
                <d:Other>For details, please call 65095505</d:Other>
            </m:properties>
        </content>
    </entry>
    <entry>
        <id>http://datamall2.mytransport.sg/ltaodataservice/RoadWorks()</id>
        <category term="DataMall2.Models.RoadWorks" scheme="http://schemas.microsoft.com/ado/2007/08/dataservices/scheme" />
        <link rel="edit" href="http://datamall2.mytransport.sg/ltaodataservice/RoadWorks()" />
        <link rel="self" href="http://datamall2.mytransport.sg/ltaodataservice/RoadWorks()" />
        <title />
        <updated>2016-3-1T3:5:18Z</updated>
        <author>
            <name />
        </author>
        <content type="application/xml">
            <m:properties>
                <d:EventID>RMAPP-201602-0041</d:EventID>
                <d:StartDate>2016-02-15</d:StartDate>
                <d:EndDate>2016-12-31</d:EndDate>
                <d:SvcDept>SP POWERGRID LTD - REGIONAL NETWORK EAST</d:SvcDept>
                <d:RoadName>ADMIRALTY ROAD WEST</d:RoadName>
                <d:Other>For details, please call 65939451</d:Other>
            </m:properties>
        </content>
    </entry>
    <entry>
        <id>http://datamall2.mytransport.sg/ltaodataservice/RoadWorks()</id>
        <category term="DataMall2.Models.RoadWorks" scheme="http://schemas.microsoft.com/ado/2007/08/dataservices/scheme" />
        <link rel="edit" href="http://datamall2.mytransport.sg/ltaodataservice/RoadWorks()" />
        <link rel="self" href="http://datamall2.mytransport.sg/ltaodataservice/RoadWorks()" />
        <title />
        <updated>2016-3-1T3:5:18Z</updated>
        <author>
            <name />
        </author>
        <content type="application/xml">
            <m:properties>
                <d:EventID>RMINRM-201512-0642</d:EventID>
                <d:StartDate>2015-12-23</d:StartDate>
                <d:EndDate>2016-05-22</d:EndDate>
                <d:SvcDept>LAND TRANSPORT AUTHORITY</d:SvcDept>
                <d:RoadName>ADMIRALTY ROAD WEST</d:RoadName>
                <d:Other>For details, please call</d:Other>
            </m:properties>
        </content>
    </entry>
    <entry>
        <id>http://datamall2.mytransport.sg/ltaodataservice/RoadWorks()</id>
        <category term="DataMall2.Models.RoadWorks" scheme="http://schemas.microsoft.com/ado/2007/08/dataservices/scheme" />
        <link rel="edit" href="http://datamall2.mytransport.sg/ltaodataservice/RoadWorks()" />
        <link rel="self" href="http://datamall2.mytransport.sg/ltaodataservice/RoadWorks()" />
        <title />
        <updated>2016-3-1T3:5:18Z</updated>
        <author>
            <name />
        </author>
        <content type="application/xml">
            <m:properties>
                <d:EventID>RMAPP-201511-0243</d:EventID>
                <d:StartDate>2015-12-01</d:StartDate>
                <d:EndDate>2016-05-31</d:EndDate>
                <d:SvcDept>SP POWERGRID LTD - GAS DIVISION</d:SvcDept>
                <d:RoadName>ADMIRALTY ROAD WEST</d:RoadName>
                <d:Other>For details, please call 65955049</d:Other>
            </m:properties>
        </content>
    </entry>
    <entry>
        <id>http://datamall2.mytransport.sg/ltaodataservice/RoadWorks()</id>
        <category term="DataMall2.Models.RoadWorks" scheme="http://schemas.microsoft.com/ado/2007/08/dataservices/scheme" />
        <link rel="edit" href="http://datamall2.mytransport.sg/ltaodataservice/RoadWorks()" />
        <link rel="self" href="http://datamall2.mytransport.sg/ltaodataservice/RoadWorks()" />
        <title />
        <updated>2016-3-1T3:5:18Z</updated>
        <author>
            <name />
        </author>
        <content type="application/xml">
            <m:properties>
                <d:EventID>RMAPP-201511-0668</d:EventID>
                <d:StartDate>2015-11-23</d:StartDate>
                <d:EndDate>2016-04-30</d:EndDate>
                <d:SvcDept>SP POWERGRID LTD - EHV NETWORK</d:SvcDept>
                <d:RoadName>ADMIRALTY ROAD WEST</d:RoadName>
                <d:Other>For details, please call 67272575</d:Other>
            </m:properties>
        </content>
    </entry>
    <entry>
        <id>http://datamall2.mytransport.sg/ltaodataservice/RoadWorks()</id>
        <category term="DataMall2.Models.RoadWorks" scheme="http://schemas.microsoft.com/ado/2007/08/dataservices/scheme" />
        <link rel="edit" href="http://datamall2.mytransport.sg/ltaodataservice/RoadWorks()" />
        <link rel="self" href="http://datamall2.mytransport.sg/ltaodataservice/RoadWorks()" />
        <title />
        <updated>2016-3-1T3:5:18Z</updated>
        <author>
            <name />
        </author>
        <content type="application/xml">
            <m:properties>
                <d:EventID>RMAPP-201511-0637</d:EventID>
                <d:StartDate>2015-11-19</d:StartDate>
                <d:EndDate>2016-12-30</d:EndDate>
                <d:SvcDept>JTC CORPORATION</d:SvcDept>
                <d:RoadName>ADMIRALTY ROAD WEST</d:RoadName>
                <d:Other>For details, please call 62259115</d:Other>
            </m:properties>
        </content>
    </entry>
    <entry>
        <id>http://datamall2.mytransport.sg/ltaodataservice/RoadWorks()</id>
        <category term="DataMall2.Models.RoadWorks" scheme="http://schemas.microsoft.com/ado/2007/08/dataservices/scheme" />
        <link rel="edit" href="http://datamall2.mytransport.sg/ltaodataservice/RoadWorks()" />
        <link rel="self" href="http://datamall2.mytransport.sg/ltaodataservice/RoadWorks()" />
        <title />
        <updated>2016-3-1T3:5:18Z</updated>
        <author>
            <name />
        </author>
        <content type="application/xml">
            <m:properties>
                <d:EventID>RMAPP-201511-0098</d:EventID>
                <d:StartDate>2015-11-16</d:StartDate>
                <d:EndDate>2016-04-30</d:EndDate>
                <d:SvcDept>SP POWERGRID LTD - EHV NETWORK</d:SvcDept>
                <d:RoadName>ADMIRALTY ROAD WEST</d:RoadName>
                <d:Other>For details, please call 67272575</d:Other>
            </m:properties>
        </content>
    </entry>
    <entry>
        <id>http://datamall2.mytransport.sg/ltaodataservice/RoadWorks()</id>
        <category term="DataMall2.Models.RoadWorks" scheme="http://schemas.microsoft.com/ado/2007/08/dataservices/scheme" />
        <link rel="edit" href="http://datamall2.mytransport.sg/ltaodataservice/RoadWorks()" />
        <link rel="self" href="http://datamall2.mytransport.sg/ltaodataservice/RoadWorks()" />
        <title />
        <updated>2016-3-1T3:5:18Z</updated>
        <author>
            <name />
        </author>
        <content type="application/xml">
            <m:properties>
                <d:EventID>RMAPP-201511-0129</d:EventID>
                <d:StartDate>2015-11-16</d:StartDate>
                <d:EndDate>2016-11-15</d:EndDate>
                <d:SvcDept>SP TELECOMMUNICATIONS PTE LTD</d:SvcDept>
                <d:RoadName>ADMIRALTY ROAD WEST</d:RoadName>
                <d:Other>For details, please call 64489940</d:Other>
            </m:properties>
        </content>
    </entry>
    <entry>
        <id>http://datamall2.mytransport.sg/ltaodataservice/RoadWorks()</id>
        <category term="DataMall2.Models.RoadWorks" scheme="http://schemas.microsoft.com/ado/2007/08/dataservices/scheme" />
        <link rel="edit" href="http://datamall2.mytransport.sg/ltaodataservice/RoadWorks()" />
        <link rel="self" href="http://datamall2.mytransport.sg/ltaodataservice/RoadWorks()" />
        <title />
        <updated>2016-3-1T3:5:18Z</updated>
        <author>
            <name />
        </author>
        <content type="application/xml">
            <m:properties>
                <d:EventID>RMAPP-201510-0759</d:EventID>
                <d:StartDate>2015-10-26</d:StartDate>
                <d:EndDate>2016-04-30</d:EndDate>
                <d:SvcDept>PUB - NEWATER AND INDUSTRIAL WATER SUPPLY SERVICES</d:SvcDept>
                <d:RoadName>ADMIRALTY ROAD WEST</d:RoadName>
                <d:Other>For details, please call 68852453</d:Other>
            </m:properties>
        </content>
    </entry>
    <entry>
        <id>http://datamall2.mytransport.sg/ltaodataservice/RoadWorks()</id>
        <category term="DataMall2.Models.RoadWorks" scheme="http://schemas.microsoft.com/ado/2007/08/dataservices/scheme" />
        <link rel="edit" href="http://datamall2.mytransport.sg/ltaodataservice/RoadWorks()" />
        <link rel="self" href="http://datamall2.mytransport.sg/ltaodataservice/RoadWorks()" />
        <title />
        <updated>2016-3-1T3:5:18Z</updated>
        <author>
            <name />
        </author>
        <content type="application/xml">
            <m:properties>
                <d:EventID>RMAPP-201506-0927</d:EventID>
                <d:StartDate>2015-07-06</d:StartDate>
                <d:EndDate>2016-12-31</d:EndDate>
                <d:SvcDept>SP POWERGRID LTD - GAS DIVISION</d:SvcDept>
                <d:RoadName>ADMIRALTY ROAD WEST</d:RoadName>
                <d:Other>For details, please call 65955038</d:Other>
            </m:properties>
        </content>
    </entry>
    <entry>
        <id>http://datamall2.mytransport.sg/ltaodataservice/RoadWorks()</id>
        <category term="DataMall2.Models.RoadWorks" scheme="http://schemas.microsoft.com/ado/2007/08/dataservices/scheme" />
        <link rel="edit" href="http://datamall2.mytransport.sg/ltaodataservice/RoadWorks()" />
        <link rel="self" href="http://datamall2.mytransport.sg/ltaodataservice/RoadWorks()" />
        <title />
        <updated>2016-3-1T3:5:18Z</updated>
        <author>
            <name />
        </author>
        <content type="application/xml">
            <m:properties>
                <d:EventID>RMAPP-201504-0778</d:EventID>
                <d:StartDate>2015-04-30</d:StartDate>
                <d:EndDate>2017-01-31</d:EndDate>
                <d:SvcDept>SP POWERGRID LTD - DISTRIBUTION PROJ</d:SvcDept>
                <d:RoadName>ADMIRALTY ROAD WEST</d:RoadName>
                <d:Other>For details, please call 65939143</d:Other>
            </m:properties>
        </content>
    </entry>
    <entry>
        <id>http://datamall2.mytransport.sg/ltaodataservice/RoadWorks()</id>
        <category term="DataMall2.Models.RoadWorks" scheme="http://schemas.microsoft.com/ado/2007/08/dataservices/scheme" />
        <link rel="edit" href="http://datamall2.mytransport.sg/ltaodataservice/RoadWorks()" />
        <link rel="self" href="http://datamall2.mytransport.sg/ltaodataservice/RoadWorks()" />
        <title />
        <updated>2016-3-1T3:5:18Z</updated>
        <author>
            <name />
        </author>
        <content type="application/xml">
            <m:properties>
                <d:EventID>RMAPP-201503-0632</d:EventID>
                <d:StartDate>2015-03-20</d:StartDate>
                <d:EndDate>2016-12-31</d:EndDate>
                <d:SvcDept>SP POWERGRID LTD - GAS DIVISION</d:SvcDept>
                <d:RoadName>ADMIRALTY ROAD WEST</d:RoadName>
                <d:Other>For details, please call 65955128</d:Other>
            </m:properties>
        </content>
    </entry>
    <entry>
        <id>http://datamall2.mytransport.sg/ltaodataservice/RoadWorks()</id>
        <category term="DataMall2.Models.RoadWorks" scheme="http://schemas.microsoft.com/ado/2007/08/dataservices/scheme" />
        <link rel="edit" href="http://datamall2.mytransport.sg/ltaodataservice/RoadWorks()" />
        <link rel="self" href="http://datamall2.mytransport.sg/ltaodataservice/RoadWorks()" />
        <title />
        <updated>2016-3-1T3:5:18Z</updated>
        <author>
            <name />
        </author>
        <content type="application/xml">
            <m:properties>
                <d:EventID>RMAPP-201304-0421</d:EventID>
                <d:StartDate>2013-05-02</d:StartDate>
                <d:EndDate>2018-09-10</d:EndDate>
                <d:SvcDept>PRIVATE</d:SvcDept>
                <d:RoadName>ADMIRALTY ROAD WEST</d:RoadName>
                <d:Other>For details, please call 65337333</d:Other>
            </m:properties>
        </content>
    </entry>
    <entry>
        <id>http://datamall2.mytransport.sg/ltaodataservice/RoadWorks()</id>
        <category term="DataMall2.Models.RoadWorks" scheme="http://schemas.microsoft.com/ado/2007/08/dataservices/scheme" />
        <link rel="edit" href="http://datamall2.mytransport.sg/ltaodataservice/RoadWorks()" />
        <link rel="self" href="http://datamall2.mytransport.sg/ltaodataservice/RoadWorks()" />
        <title />
        <updated>2016-3-1T3:5:18Z</updated>
        <author>
            <name />
        </author>
        <content type="application/xml">
            <m:properties>
                <d:EventID>RMINRM-201511-0479</d:EventID>
                <d:StartDate>2015-11-23</d:StartDate>
                <d:EndDate>2016-05-22</d:EndDate>
                <d:SvcDept>LAND TRANSPORT AUTHORITY</d:SvcDept>
                <d:RoadName>ADMIRALTY STREET</d:RoadName>
                <d:Other>For details, please call</d:Other>
            </m:properties>
        </content>
    </entry>
    <entry>
        <id>http://datamall2.mytransport.sg/ltaodataservice/RoadWorks()</id>
        <category term="DataMall2.Models.RoadWorks" scheme="http://schemas.microsoft.com/ado/2007/08/dataservices/scheme" />
        <link rel="edit" href="http://datamall2.mytransport.sg/ltaodataservice/RoadWorks()" />
        <link rel="self" href="http://datamall2.mytransport.sg/ltaodataservice/RoadWorks()" />
        <title />
        <updated>2016-3-1T3:5:18Z</updated>
        <author>
            <name />
        </author>
        <content type="application/xml">
            <m:properties>
                <d:EventID>RMAPP-201603-0747</d:EventID>
                <d:StartDate>2016-03-28</d:StartDate>
                <d:EndDate>2016-09-30</d:EndDate>
                <d:SvcDept>SP POWERGRID LTD - REGIONAL NETWORK SOUTH</d:SvcDept>
                <d:RoadName>AH HOOD ROAD</d:RoadName>
                <d:Other>For details, please call 62909105</d:Other>
            </m:properties>
        </content>
    </entry>
    <entry>
        <id>http://datamall2.mytransport.sg/ltaodataservice/RoadWorks()</id>
        <category term="DataMall2.Models.RoadWorks" scheme="http://schemas.microsoft.com/ado/2007/08/dataservices/scheme" />
        <link rel="edit" href="http://datamall2.mytransport.sg/ltaodataservice/RoadWorks()" />
        <link rel="self" href="http://datamall2.mytransport.sg/ltaodataservice/RoadWorks()" />
        <title />
        <updated>2016-3-1T3:5:18Z</updated>
        <author>
            <name />
        </author>
        <content type="application/xml">
            <m:properties>
                <d:EventID>RMAPP-201507-0614</d:EventID>
                <d:StartDate>2015-07-23</d:StartDate>
                <d:EndDate>2016-04-30</d:EndDate>
                <d:SvcDept>PUB - (WSN DEPT) - NETWORK SERVICES</d:SvcDept>
                <d:RoadName>AH HOOD ROAD</d:RoadName>
                <d:Other>For details, please call 63809832</d:Other>
            </m:properties>
        </content>
    </entry>
    <entry>
        <id>http://datamall2.mytransport.sg/ltaodataservice/RoadWorks()</id>
        <category term="DataMall2.Models.RoadWorks" scheme="http://schemas.microsoft.com/ado/2007/08/dataservices/scheme" />
        <link rel="edit" href="http://datamall2.mytransport.sg/ltaodataservice/RoadWorks()" />
        <link rel="self" href="http://datamall2.mytransport.sg/ltaodataservice/RoadWorks()" />
        <title />
        <updated>2016-3-1T3:5:18Z</updated>
        <author>
            <name />
        </author>
        <content type="application/xml">
            <m:properties>
                <d:EventID>RMAPP-201412-0822</d:EventID>
                <d:StartDate>2014-12-31</d:StartDate>
                <d:EndDate>2016-06-03</d:EndDate>
                <d:SvcDept>PRIVATE</d:SvcDept>
                <d:RoadName>AH HOOD ROAD</d:RoadName>
                <d:Other>For details, please call 67952919</d:Other>
            </m:properties>
        </content>
    </entry>
    <entry>
        <id>http://datamall2.mytransport.sg/ltaodataservice/RoadWorks()</id>
        <category term="DataMall2.Models.RoadWorks" scheme="http://schemas.microsoft.com/ado/2007/08/dataservices/scheme" />
        <link rel="edit" href="http://datamall2.mytransport.sg/ltaodataservice/RoadWorks()" />
        <link rel="self" href="http://datamall2.mytransport.sg/ltaodataservice/RoadWorks()" />
        <title />
        <updated>2016-3-1T3:5:18Z</updated>
        <author>
            <name />
        </author>
        <content type="application/xml">
            <m:properties>
                <d:EventID>RMAPP-201603-0900</d:EventID>
                <d:StartDate>2016-03-31</d:StartDate>
                <d:EndDate>2016-09-30</d:EndDate>
                <d:SvcDept>SP POWERGRID LTD - CUSTOMER PROJ (EAST)</d:SvcDept>
                <d:RoadName>AH SOO GARDEN</d:RoadName>
                <d:Other>For details, please call 62409237</d:Other>
            </m:properties>
        </content>
    </entry>
    <entry>
        <id>http://datamall2.mytransport.sg/ltaodataservice/RoadWorks()</id>
        <category term="DataMall2.Models.RoadWorks" scheme="http://schemas.microsoft.com/ado/2007/08/dataservices/scheme" />
        <link rel="edit" href="http://datamall2.mytransport.sg/ltaodataservice/RoadWorks()" />
        <link rel="self" href="http://datamall2.mytransport.sg/ltaodataservice/RoadWorks()" />
        <title />
        <updated>2016-3-1T3:5:18Z</updated>
        <author>
            <name />
        </author>
        <content type="application/xml">
            <m:properties>
                <d:EventID>RMAPP-201603-0112</d:EventID>
                <d:StartDate>2016-03-07</d:StartDate>
                <d:EndDate>2016-07-07</d:EndDate>
                <d:SvcDept>PUB - (WSN DEPT) - CUSTOMER SUPPLY</d:SvcDept>
                <d:RoadName>AH SOO GARDEN</d:RoadName>
                <d:Other>For details, please call 63809823</d:Other>
            </m:properties>
        </content>
    </entry>
    <entry>
        <id>http://datamall2.mytransport.sg/ltaodataservice/RoadWorks()</id>
        <category term="DataMall2.Models.RoadWorks" scheme="http://schemas.microsoft.com/ado/2007/08/dataservices/scheme" />
        <link rel="edit" href="http://datamall2.mytransport.sg/ltaodataservice/RoadWorks()" />
        <link rel="self" href="http://datamall2.mytransport.sg/ltaodataservice/RoadWorks()" />
        <title />
        <updated>2016-3-1T3:5:18Z</updated>
        <author>
            <name />
        </author>
        <content type="application/xml">
            <m:properties>
                <d:EventID>RMAPP-201601-0874</d:EventID>
                <d:StartDate>2016-01-29</d:StartDate>
                <d:EndDate>2016-12-31</d:EndDate>
                <d:SvcDept>CITYNET INFRASTRUCTURE MANAGEMENT PTE LTD</d:SvcDept>
                <d:RoadName>AIRPORT BOULEVARD</d:RoadName>
                <d:Other>For details, please call 67182732</d:Other>
            </m:properties>
        </content>
    </entry>
    <entry>
        <id>http://datamall2.mytransport.sg/ltaodataservice/RoadWorks()</id>
        <category term="DataMall2.Models.RoadWorks" scheme="http://schemas.microsoft.com/ado/2007/08/dataservices/scheme" />
        <link rel="edit" href="http://datamall2.mytransport.sg/ltaodataservice/RoadWorks()" />
        <link rel="self" href="http://datamall2.mytransport.sg/ltaodataservice/RoadWorks()" />
        <title />
        <updated>2016-3-1T3:5:18Z</updated>
        <author>
            <name />
        </author>
        <content type="application/xml">
            <m:properties>
                <d:EventID>RMAPP-201601-0279</d:EventID>
                <d:StartDate>2016-01-15</d:StartDate>
                <d:EndDate>2016-04-30</d:EndDate>
                <d:SvcDept>PRIVATE</d:SvcDept>
                <d:RoadName>AIRPORT BOULEVARD</d:RoadName>
                <d:Other>For details, please call 63482501</d:Other>
            </m:properties>
        </content>
    </entry>
</feed>